cluster,eui_gj_m2_year,eui_source,annual_energy_gj,ers_rating_gj_year,ghg_tonnes_year,space_heating_gj,water_heating_gj,ventilation_gj,space_cooling_gj,design_heat_loss_kw,wall_heat_loss_gj,ceiling_heat_loss_gj,foundation_heat_loss_gj,windows_doors_heat_loss_gj,air_leakage_heat_loss_gj,floor_area_m2,year_built,air_leakage_ach_50pa
0,1.0176,calculated,201.7979,,,139.6228,,,,15.2332,41.8362,6.9158,23.7619,35.7011,31.9674,198.3000,1993,4.4488
1,0.7329,calculated,192.2273,,,133.2002,,,,15.2839,35.2968,7.0286,23.0932,37.3225,26.4867,262.3000,1994,3.4622
2,0.8203,calculated,146.5088,0.0000,0.0000,94.6332,0.0000,0.0000,0.0000,15.2133,19.7595,5.9977,75.3042,25.6678,20.7902,178.6000,1962,4.3191
3,0.7771,calculated,166.1381,,,106.1769,,,,12.7351,27.6572,6.0508,36.0685,25.0821,21.4438,213.8000,1985,3.9534
4,0.6200,reported,204.0832,204.0000,11.9000,162.8449,15.4465,0.1690,0.0000,16.7301,22.9487,13.1479,64.9496,38.4301,48.8799,326.6000,1995,4.0149
5,0.4400,reported,161.1376,161.0000,6.6000,100.1872,26.1137,0.2696,8.9448,18.3496,36.4803,7.2840,25.0058,42.7710,36.1559,368.8000,1978,3.9868
6,0.5100,reported,100.0918,100.0000,9.9000,44.5058,25.6826,0.1690,4.1119,9.4412,13.3288,6.6652,25.9995,13.9722,11.2560,195.7000,1998,2.3188
7,0.5000,reported,201.3796,201.0000,8.9000,153.1349,15.5330,0.1690,6.9205,21.7033,34.2452,10.2705,55.4819,42.6932,30.3882,402.1000,1992,4.6894
8,2.5388,calculated,344.5219,,,283.2442,,,,26.6346,84.7939,14.0382,87.1892,33.8955,28.0545,135.7000,1939,5.4218
9,0.2600,reported,78.5749,79.0000,2.5000,33.1334,13.8098,0.9375,0.0000,6.9273,14.4089,4.1044,12.7675,24.7839,18.5310,302.6000,2020,3.5000
10,0.5974,calculated,117.3860,,,65.9757,,,,10.7767,21.5192,13.2581,28.4051,25.7661,21.1089,196.5000,1973,3.1210
11,0.5897,calculated,175.4317,0.0000,0.0000,122.9694,0.0000,0.0000,0.0000,21.7817,27.9252,12.6900,47.6837,48.5723,58.6291,297.5000,1969,4.6956
12,0.8700,reported,161.2139,161.0000,8.4000,119.3357,16.1260,0.1294,0.0000,15.6754,16.7048,0.1246,73.7055,28.5067,19.9913,185.0000,1979,3.5854
13,0.7212,calculated,128.0150,,,77.0504,,,,10.8305,17.9816,7.8359,35.3410,18.0303,18.4078,177.5000,1970,5.8336
14,0.5706,calculated,256.0728,,,196.7165,,,,21.9883,42.6371,8.8328,53.8990,58.7200,45.1508,448.8000,1989,3.6422
15,0.4400,reported,90.8931,91.0000,0.3000,49.1631,15.9385,0.1690,0.0000,9.5471,21.4306,13.6147,16.9683,21.9418,16.3453,205.2000,1980,5.1844
16,0.8000,reported,187.9227,188.0000,14.2000,135.0825,27.0490,0.1690,0.0000,19.9365,29.3375,31.9746,40.8446,51.5654,24.9907,234.9000,1976,4.7086
17,0.4507,calculated,156.9892,0.0000,0.0000,107.0472,0.0000,0.0000,0.0000,14.3320,33.3238,7.1303,37.1626,45.2391,34.4408,348.3000,1989,3.8500
18,0.7795,calculated,150.3676,,,90.9952,,,,13.1789,28.1799,6.2330,17.5878,23.0241,36.3994,192.9000,1988,8.6432
19,0.7924,calculated,199.1981,,,149.1695,,,,15.2992,27.9355,9.2076,43.0736,43.0137,20.8201,251.4000,1960,6.3280
20,0.7176,calculated,274.5404,,,212.7173,,,,27.0860,38.7853,13.0687,45.5808,31.1251,74.5926,382.6000,1980,5.4400
21,0.7121,calculated,199.0245,,,139.7795,,,,13.6348,35.1628,6.1737,28.4921,37.2389,31.1303,279.5000,1988,4.8523
22,0.4400,reported,457.3507,457.0000,0.2000,150.5612,111.6462,2.4460,0.0000,40.1885,59.4582,17.7665,78.4962,125.7755,85.9983,1028.9000,1984,3.3878
23,0.5600,reported,131.5366,132.0000,6.2000,75.8674,24.6158,0.0791,5.3520,13.3414,14.4946,14.0686,39.5183,11.6716,22.2539,233.2796,1977,6.6377
24,1.7500,reported,854.6823,855.0000,36.8000,730.8176,46.0314,0.6471,0.0000,109.0058,62.4544,82.2965,103.0530,75.8017,381.4386,487.6000,1928,23.3400
25,0.9100,reported,171.5678,172.0000,7.5000,121.9876,23.9183,0.0395,0.0000,15.1534,30.2175,13.6001,28.5076,23.6295,32.5119,189.2000,1931,4.7900
26,0.9900,reported,172.4536,172.0000,8.3000,117.0029,24.6127,1.4139,3.8019,13.4920,17.4111,7.9209,29.9286,22.1206,56.6509,173.9145,1967,11.2528
27,0.6721,calculated,151.8885,0.0000,0.0000,99.9616,0.0000,0.0000,0.0000,13.9424,28.5974,9.3635,51.9567,29.6440,25.9757,226.0000,1954,3.6975
28,0.4200,reported,123.9483,124.0000,12.1000,81.9931,15.6991,0.6336,0.0000,13.4166,37.6994,5.6909,25.7337,27.8380,30.1415,296.7000,2019,2.5000
29,0.6500,reported,142.5012,143.0000,0.1000,84.7970,20.6571,0.1690,6.1839,18.3656,19.9376,7.4949,66.0275,22.2021,27.1591,220.0000,1969,8.0626
30,0.6000,reported,117.6852,118.0000,4.9000,65.7587,26.1351,0.1690,0.0000,10.2277,22.2767,6.5704,30.9666,14.8950,13.7774,197.4000,1971,3.2825
31,0.9300,reported,204.0177,204.0000,0.1000,162.4234,15.9718,0.0000,0.0000,30.7717,30.8584,32.9963,66.7542,38.4692,37.0025,220.4000,1880,9.1616
32,0.4700,reported,126.0843,126.0000,5.1000,69.0399,24.8636,0.2696,6.2887,13.7254,26.1646,3.7758,22.1908,31.9103,28.6658,266.5000,1989,3.9163
33,0.5300,reported,92.7225,93.0000,18.1000,50.8632,15.6679,0.5689,0.0000,9.9392,28.4316,7.0538,16.3663,24.0062,11.0379,176.0000,2003,2.4234
34,0.6568,calculated,118.9503,,,60.7967,,,,11.2479,13.2808,6.5891,6.8767,47.6137,24.8300,181.1000,2003,5.9454
35,0.3400,reported,195.2366,195.0000,8.4000,136.3146,24.0498,0.1690,9.0809,22.5886,40.2230,15.5329,40.2832,54.8776,32.9557,576.2000,1998,3.1717
36,0.3700,reported,227.7761,228.0000,9.9000,169.3153,15.8081,0.8048,16.2257,29.5014,37.3176,8.3781,27.5518,82.7592,75.4850,610.2000,1997,4.9254
37,0.6968,calculated,163.9546,,,103.0189,,,,13.5507,20.5342,12.4388,28.2155,21.7046,27.3426,235.3000,2005,2.8817
38,0.9213,calculated,182.6891,,,121.1134,,,,13.9852,28.2277,12.0912,31.4410,22.5870,26.6530,198.3000,1978,2.8942
39,0.6422,calculated,113.9216,,,62.5877,,,,10.4423,19.5464,9.1087,36.8460,22.7660,18.2352,177.4000,2000,2.9846
40,0.5100,reported,103.2223,103.0000,4.0000,48.4933,23.6781,0.1690,5.2595,10.2290,18.8081,4.5253,16.1244,20.6008,20.9629,204.2000,2003,4.6953
41,0.8100,reported,208.0103,208.0000,9.6000,152.8320,23.5257,0.1690,5.8613,21.0140,30.8309,4.3040,48.3506,25.5405,57.1902,256.6000,1985,6.8951
42,2.9481,calculated,236.4399,,,185.1941,,,,30.5080,36.7051,39.8555,74.4829,37.8559,36.1585,80.2000,1880,15.5624
43,0.6163,calculated,135.9051,,,74.5409,,,,11.7764,17.3848,5.9150,26.1308,40.6530,25.3513,220.5000,1993,1.8000
44,0.5200,reported,104.1289,96.0000,8.6000,65.1583,12.6314,0.7167,0.0000,12.1146,29.9907,4.5381,25.1035,17.8289,27.3526,198.7000,2020,4.5500
45,0.4800,reported,87.8935,88.0000,17.5000,47.2003,14.9915,0.0791,0.0000,9.3740,10.7678,8.2600,29.3918,20.8701,14.1004,183.6000,1978,4.7389
46,0.4700,reported,122.0786,122.0000,4.9000,66.2251,24.1918,0.2696,5.7696,12.8829,18.5737,3.8531,28.7516,19.7150,27.1049,259.0000,2001,4.3846
47,0.1800,reported,66.2065,66.0000,1.4000,16.2039,14.3117,1.1684,3.8283,7.3773,23.5733,3.8178,18.4948,22.5889,11.7647,377.8000,2025,1.5000
48,0.8224,calculated,207.8984,,,146.1553,,,,17.4233,39.4322,9.9677,32.1047,40.9113,31.1336,252.8000,1979,3.5026
49,0.7790,calculated,173.8701,,,123.8364,,,,16.4811,63.7581,22.9008,26.3837,27.3488,28.1915,223.2000,1920,4.1378
50,1.0432,calculated,163.2595,0.0000,0.0000,103.9737,0.0000,0.0000,0.0000,17.0481,49.0182,3.4037,26.4418,16.7853,45.2995,156.5000,1920,12.8396
51,0.9207,calculated,181.8349,,,119.5637,,,,17.3939,24.8714,7.9206,75.0711,34.6560,26.2571,197.5000,1957,4.1854
52,0.7900,reported,155.8946,156.0000,6.0000,110.0319,16.0418,0.1294,4.0691,18.2396,36.5795,4.9157,52.7497,26.9242,23.3340,197.4000,1900,5.5715
53,0.7848,calculated,178.9306,,,118.9865,,,,17.4144,32.0631,6.8256,19.8588,28.8031,50.5569,228.0000,1980,8.5562
54,0.4528,calculated,138.1437,0.0000,0.0000,86.9928,0.0000,0.0000,0.0000,14.9098,28.9800,7.0480,29.6167,26.0262,35.8753,305.1000,1984,4.8944
55,0.8421,calculated,207.5817,,,146.2417,,,,23.4012,56.4983,8.9561,31.2931,28.7096,71.5236,246.5000,1959,8.4015
56,0.6000,reported,162.6623,163.0000,0.1000,117.5442,15.9437,1.1806,2.3712,22.0859,31.0730,24.6358,65.8298,33.0210,30.0247,272.2000,1950,3.5610
57,0.5400,reported,153.2502,153.0000,12.7000,93.0731,34.3857,0.1690,0.0000,18.4942,32.6873,13.2260,24.5839,49.3397,39.6831,281.4000,1987,4.5714
58,0.4200,reported,98.3474,98.0000,0.0000,56.4744,16.0815,0.1690,0.0000,11.2243,19.5747,8.1494,31.5033,23.2021,13.6277,234.1000,1951,4.0874
59,0.3800,reported,98.6640,99.0000,7.6000,54.5557,15.4944,0.1690,2.8224,15.5626,37.3407,10.0446,24.3524,21.5574,39.8182,261.2000,1958,4.8304
60,0.5015,calculated,220.0238,,,157.8470,,,,18.4004,26.0756,13.6192,53.3373,57.7283,32.2102,438.7000,1990,3.9510
61,0.6600,reported,104.8240,105.0000,3.3000,55.4389,16.9314,0.1690,6.6623,11.1329,14.8705,3.6389,14.6225,24.2634,25.9385,157.7000,1985,5.2300
62,0.7538,calculated,214.9002,,,154.7607,,,,24.5079,26.6113,9.6458,87.7871,28.8939,42.9267,285.1000,1956,9.2179
63,0.5900,reported,84.7995,85.0000,17.4000,43.3080,15.4503,0.4186,0.0000,7.7393,10.5433,4.9402,34.6614,17.4730,11.1420,144.3000,1985,3.4786
64,1.3400,reported,374.8010,375.0000,19.3000,272.3296,40.9530,0.1294,0.0000,46.0858,49.0379,73.6329,88.5592,38.5917,54.5978,280.1000,1960,11.6400
65,0.6593,calculated,106.8699,,,46.8563,,,,6.2499,9.0884,3.8037,20.5617,12.1905,13.9012,162.1000,1967,3.1751
66,0.7700,reported,144.5668,145.0000,13.1000,91.0569,27.7185,0.1690,0.0000,11.9600,24.2560,7.3106,40.9716,25.1735,15.6555,187.4000,1961,3.6312
67,0.9230,calculated,159.2125,,,87.0785,,,,11.4283,22.2641,4.1401,13.2801,24.4120,46.9479,172.5000,1970,10.2284
68,1.8618,calculated,295.8424,,,237.3020,,,,34.1605,110.5158,17.0345,32.9879,24.3207,76.8671,158.9000,1908,17.8200
69,1.2283,calculated,240.3800,,,180.6451,,,,22.9603,55.3478,13.7656,50.8807,25.5403,36.9937,195.7000,1955,8.2600
70,1.7097,calculated,406.5583,,,346.5750,,,,39.1480,46.4636,11.7832,77.0002,43.3782,121.8074,237.8000,1890,15.1836
71,1.0286,calculated,214.8831,,,154.2792,,,,22.1209,23.8000,23.7777,34.1672,25.7978,34.4194,208.9000,1965,4.1342
72,1.1095,calculated,182.9513,,,121.8885,,,,16.7763,28.7649,9.7821,15.8648,21.5033,49.2530,164.9000,1978,8.0599
73,0.8509,calculated,157.3318,0.0000,0.0000,97.4900,0.0000,0.0000,0.0000,10.9279,34.9192,6.8528,26.6922,18.8905,18.1697,184.9000,1974,5.1510
74,0.6300,reported,158.4847,158.0000,5.3000,112.0035,15.9607,0.1690,4.7288,24.8388,36.4551,6.3833,45.9266,60.1006,48.9302,253.5000,1969,6.9714
75,0.7215,calculated,116.5878,,,56.6465,,,,9.7997,13.5164,5.8990,24.0967,16.5097,24.0557,161.6000,1954,8.6782
76,0.6649,calculated,170.1479,,,110.4918,,,,18.2233,20.3135,19.6940,54.4659,29.8282,20.4917,255.9000,1988,4.5500
77,0.9977,calculated,237.8606,,,187.8046,,,,18.3561,48.6686,10.8381,45.7489,58.9267,22.7476,238.4000,1935,6.6191
78,0.8792,calculated,171.9753,,,109.9196,,,,11.7873,23.9672,9.8584,37.7013,26.0461,26.2356,195.6000,1972,3.4215
79,0.5600,reported,103.8530,104.0000,4.9000,61.1740,17.0564,0.0000,0.0000,9.7688,17.7784,9.5550,25.0674,14.8765,14.0151,185.4000,1990,2.1892
80,0.7408,calculated,114.1607,,,62.6412,,,,10.8455,18.7792,9.2824,35.5871,18.0193,19.9951,154.1000,1940,6.5949
81,0.7001,calculated,131.1944,,,79.6370,,,,13.4203,21.5784,9.2043,41.9594,24.2476,21.2076,187.4000,1963,4.4013
82,0.6759,calculated,242.5682,,,191.5168,,,,22.1952,85.3539,23.1416,36.5217,38.2032,25.1253,358.9000,1992,1.8042
83,0.5800,reported,141.2556,141.0000,13.6000,97.5620,17.9918,0.0791,0.0000,13.5797,23.1741,6.5159,26.2562,34.7644,30.3134,241.7000,1955,5.3654
84,0.5900,reported,175.7407,176.0000,13.4000,126.0439,23.9055,0.1690,0.0000,19.1238,33.0258,7.0116,39.0591,49.9825,36.8730,299.0000,1998,4.2680
85,0.5700,reported,99.3895,99.0000,0.0000,50.8087,15.7755,1.2459,5.9369,11.4590,13.6563,6.5435,53.9515,26.7297,14.6412,174.0000,1964,3.4382
86,0.5495,calculated,158.4772,,,99.5631,,,,13.7561,23.8585,13.3743,31.8561,43.7770,15.9343,288.4000,1988,4.7326
87,0.7641,calculated,135.0889,,,83.8586,,,,12.5244,17.3316,4.4840,36.5087,18.5120,28.1199,176.8000,1970,6.0600
88,0.4000,reported,107.2177,107.0000,9.8000,64.5357,16.3500,0.7096,0.0000,11.1396,32.5202,5.8962,26.7219,29.8212,11.3348,266.7000,2022,1.2200
89,0.5600,reported,113.9316,114.0000,4.5000,58.6207,24.1645,0.2696,5.2545,11.9912,27.3881,2.9680,17.9301,24.0600,21.0702,204.2000,1994,5.7621
90,0.8736,calculated,140.1200,,,80.5084,,,,11.2459,18.6593,14.1204,21.2525,12.0555,20.2338,160.4000,1972,7.2719
91,0.4800,reported,126.3147,126.0000,10.2000,70.3999,25.2110,0.7074,4.3739,12.1597,34.5859,7.2334,25.1035,30.2327,16.1580,261.4000,2013,3.0615
92,0.4900,reported,92.7464,93.0000,3.6000,43.2795,23.6755,0.1690,0.0000,7.9891,15.9593,7.2334,13.9363,15.6251,18.3843,187.5000,1975,7.3747
93,0.9009,calculated,164.2320,,,104.0911,,,,12.8709,31.2907,4.5105,30.3637,19.7649,22.7418,182.3000,1987,5.3436
94,0.7700,reported,104.7534,105.0000,9.9000,61.7435,16.6467,0.7407,0.0000,10.9010,22.2146,9.0255,34.3235,25.6652,17.7600,136.3000,1973,3.2922
95,0.6000,reported,147.5817,148.0000,6.1000,91.6206,24.1321,0.1690,6.0377,15.6415,21.8689,8.2214,22.9754,27.3774,37.5177,246.4000,2001,4.6913
96,0.8529,calculated,131.7723,,,73.2570,,,,11.1737,22.0458,4.1224,19.2859,22.7094,26.7150,154.5000,1993,13.2617
97,0.4236,calculated,177.8239,,,127.2097,,,,22.7160,27.5795,13.8945,56.6621,40.2158,41.7789,419.8000,1987,3.4587
98,0.9496,calculated,215.8388,,,153.9755,,,,18.0275,35.0507,9.0433,40.2457,31.2340,47.4591,227.3000,1980,4.9035
99,0.8110,calculated,195.3789,,,133.4018,,,,15.0836,41.2570,7.7992,41.0328,37.6631,34.5894,240.9000,1949,5.1963
100,0.5400,reported,224.2894,224.0000,10.5000,165.0963,17.0598,2.1418,14.3689,29.8580,45.4128,24.7113,47.0589,73.4860,40.3847,411.8000,1960,4.5097
101,0.3600,reported,118.3622,118.0000,0.1000,75.7733,15.7858,1.1806,0.0000,14.6535,19.3718,7.3372,34.3524,35.7962,26.5670,330.0000,1977,5.1077
102,0.9621,calculated,158.6453,0.0000,0.0000,106.6329,0.0000,0.0000,0.0000,14.0419,17.4723,4.9271,35.9531,21.1595,29.6517,164.9000,1955,6.7029
103,0.8000,reported,115.0115,115.0000,4.6000,63.3229,25.3697,0.6965,0.0000,10.3944,12.0424,6.3065,28.1417,17.7472,17.3120,143.7000,1993,3.5811
104,0.7657,calculated,123.5779,,,64.1213,,,,10.0845,11.9692,11.7364,20.0229,18.6642,23.3944,161.4000,1970,5.9376
105,0.8163,calculated,153.5409,,,91.4671,,,,11.5209,24.7878,12.6275,38.2157,22.6962,24.1584,188.1000,1956,3.0375
106,0.3700,reported,121.6251,122.0000,6.0000,76.7356,18.8412,0.4257,0.0000,15.6615,18.5306,8.7565,30.9048,25.5763,49.9093,328.4000,2024,4.5500
107,0.7500,reported,144.4539,144.0000,12.8000,88.5931,25.9004,0.0791,4.2589,14.5418,19.3717,8.9542,31.0147,23.7342,17.4336,192.2000,1990,2.7705
108,0.5300,reported,111.7694,112.0000,4.9000,70.2376,15.8193,0.0899,0.0000,11.8249,24.2895,3.5981,22.4482,34.2616,18.4735,210.0000,1903,3.5175
109,0.8853,calculated,173.1607,,,114.2466,,,,14.1318,18.6933,9.8036,25.5683,32.5022,33.3639,195.6000,1980,11.7372
110,0.7158,calculated,172.5775,,,112.5593,,,,14.4697,36.5275,6.3298,19.5585,30.6267,30.0404,241.1000,1986,5.4103
111,0.4100,reported,79.3259,79.0000,8.3000,38.2359,14.0073,1.4602,0.0000,6.7066,21.1538,5.1116,15.5004,16.3900,11.5661,192.8000,2023,1.0871
112,1.0453,calculated,111.6379,,,60.4499,,,,12.2150,28.3907,13.5241,21.1497,14.1916,13.2562,106.8000,1950,3.3225
113,0.4900,reported,117.2732,117.0000,1.1000,75.7687,15.6124,0.2696,0.0000,10.4055,32.7857,8.2719,24.3056,34.9970,20.3383,237.1000,1987,2.4086
114,0.2500,reported,93.1855,93.0000,0.0000,50.7375,16.1207,0.7048,0.0000,12.2846,17.5905,6.4615,22.0551,48.9044,11.7901,377.4000,2015,1.4865
115,1.1668,calculated,147.9542,,,87.3763,,,,11.5605,18.1616,4.5859,20.5010,12.2332,40.0806,126.8000,1968,10.1485
116,0.5873,calculated,116.7589,0.0000,0.0000,65.6472,0.0000,0.0000,0.0000,12.0211,20.5208,10.6310,31.7659,32.9451,16.9700,198.8000,1961,3.5082
117,0.5900,reported,154.5328,155.0000,11.7000,109.8801,18.8614,0.1690,0.0000,18.1313,31.5573,12.6018,32.8702,47.4835,36.5776,260.8000,2003,3.1110
118,0.5800,reported,87.8637,88.0000,3.3000,37.6569,19.9864,0.1690,4.4289,8.0130,20.5972,3.7743,11.9006,16.5366,10.2964,151.4000,1998,2.8715
119,0.8471,calculated,148.1593,,,98.7006,,,,12.4501,19.0830,5.5204,56.2932,16.6606,17.2442,174.9000,1959,5.1801
120,0.9765,calculated,195.9763,,,135.2948,,,,17.3216,27.2985,21.7940,71.6493,24.7701,23.0072,200.7000,1959,4.3369
121,0.6611,calculated,183.5825,,,133.1703,,,,20.1864,42.2606,18.9088,28.2341,41.7204,55.5358,277.7000,1982,7.1786
122,0.4700,reported,113.5060,114.0000,4.5000,58.2970,24.6518,0.1690,4.7658,11.8864,23.4587,5.6560,19.1301,21.1506,20.2768,240.1000,2000,4.5366
123,0.5700,reported,106.4983,106.0000,2.3000,54.9349,25.7718,0.1690,0.0000,9.7502,17.9909,4.6375,33.6629,28.2806,8.7358,187.3000,1989,2.5015
124,0.8000,reported,129.1842,129.0000,6.3000,87.4013,15.9014,0.2588,0.0000,10.7293,14.3594,4.0759,48.0771,19.0237,15.8389,162.1994,1961,8.4583
125,0.4400,reported,90.7017,91.0000,0.0000,44.6823,15.9150,0.0899,4.3920,11.1356,17.3292,8.5826,48.5613,20.3753,5.9218,205.8000,1966,1.7031
126,0.7700,reported,217.5470,218.0000,9.7000,157.6176,25.3926,0.1690,8.7457,20.2068,29.6585,5.9253,48.2796,42.6238,32.3056,282.7000,1990,5.2706
127,0.7400,reported,179.9640,180.0000,14.1000,127.9949,26.1479,0.1989,0.0000,14.8189,31.7076,10.0407,29.0444,34.7182,52.2901,241.9000,1993,4.8251
128,0.7900,reported,233.5055,234.0000,13.3000,188.6170,18.9269,0.3387,0.0000,17.7568,22.9187,18.3629,51.7975,38.0842,26.0187,296.1000,1972,3.6547
129,0.4511,calculated,136.5023,,,85.4271,,,,15.7044,32.3335,6.8483,26.9463,35.8192,32.4095,302.6000,1989,1.8460
130,0.4700,reported,192.5767,193.0000,8.3000,134.6394,23.6785,0.1690,8.4675,22.7281,12.6431,23.2469,61.8004,56.4441,32.0812,406.6000,2002,4.3999
131,0.4800,reported,81.4982,81.0000,0.0000,31.5844,15.4553,0.7446,8.0913,11.0342,12.2066,4.6509,16.0438,30.2150,22.9143,168.4000,1986,6.1092
132,0.9200,reported,166.3944,166.0000,15.7000,106.7913,33.2377,0.7426,0.0000,13.9645,24.5446,9.2861,19.6854,26.4059,46.2649,180.4000,1949,9.1719
133,1.0900,reported,120.9129,121.0000,0.1000,78.1638,15.9459,1.1806,0.0000,15.1914,24.8426,9.8679,23.6720,38.4117,20.1857,110.9000,1960,7.6394
134,0.8194,calculated,297.3600,,,245.4004,,,,32.1020,46.6499,14.1763,33.1156,53.8771,106.8497,362.9000,1974,7.9419
135,0.7400,reported,115.8663,116.0000,4.6000,58.3013,24.8458,0.2696,6.8272,11.7804,16.9017,4.6538,6.5087,19.2005,31.7762,155.9000,1980,8.6066
136,0.8800,calculated,133.9368,,,82.4855,,,,11.2047,25.0865,14.0439,25.3604,17.3732,20.1502,152.2000,1974,5.7570
137,0.7900,reported,161.4997,161.0000,12.1000,100.9997,34.7981,0.0791,0.0000,12.9327,18.2578,5.3452,48.8958,22.7945,27.9767,205.3000,1975,5.5853
138,0.7815,calculated,160.8369,,,101.0641,,,,17.4403,17.5700,8.9686,41.7065,23.8209,24.7402,205.8000,1973,7.1331
139,0.8890,calculated,134.4128,,,74.3068,,,,9.9033,25.1769,4.7164,11.7745,21.6899,21.3041,151.2000,1978,5.9691
140,0.9000,reported,177.3753,177.0000,3.4000,135.7143,15.9485,0.0899,0.0000,12.1986,12.6025,6.9891,34.7701,19.6526,27.9951,198.0000,1979,2.7928
141,0.4800,reported,148.3688,148.0000,6.1000,90.2946,24.1677,0.2696,8.0145,16.7251,28.0659,5.6647,22.0106,30.7904,42.7946,310.2000,2002,4.7002
142,0.2300,reported,61.9091,62.0000,12.7000,18.5375,15.0855,0.0791,2.5844,11.3638,14.1397,6.3213,23.5006,18.5366,25.9561,274.6000,1985,5.0390
143,0.4500,reported,184.6583,185.0000,0.1000,135.7461,16.4491,1.1806,5.6600,21.3852,26.3434,11.6899,55.6907,60.5807,43.3658,413.1000,1984,3.9841
144,0.8307,calculated,170.1180,,,110.6303,,,,12.8514,15.6066,16.6681,32.8646,32.7712,20.4878,204.8000,1961,4.7352
145,0.7000,reported,182.7150,183.0000,14.4000,125.3174,27.8542,0.1690,3.7521,17.6116,25.4033,11.3150,26.8420,49.3906,41.5381,261.4000,2005,4.6213
146,0.6900,reported,56.3186,56.0000,4.3000,14.5721,15.3831,0.7407,0.0000,5.8934,13.5261,5.5284,8.3517,9.5220,4.5126,82.2000,2010,2.3729
147,1.5700,reported,158.5657,159.0000,14.8000,98.8641,34.0788,0.0000,0.0000,15.2768,20.4861,22.2272,11.9910,10.6373,36.8967,101.1000,1930,13.1991
148,0.4700,reported,99.0515,99.0000,9.7000,57.8647,14.1240,1.4403,0.0000,9.5161,35.2197,4.7385,18.8055,15.0185,17.4673,213.0000,2024,2.5000
149,0.7500,reported,135.6354,136.0000,0.1000,94.0224,15.8610,0.1294,0.0000,13.0538,16.1982,12.1087,62.3429,14.9520,20.2168,181.6000,1978,6.3589
150,0.3900,reported,66.6940,67.0000,0.0000,20.5973,16.1775,0.1690,4.1276,9.6430,10.9119,3.5266,36.5158,19.5774,8.7158,173.2000,1978,3.2531
151,0.9346,calculated,145.7077,,,84.3496,,,,11.0184,22.9839,5.9846,20.0401,18.5394,27.2866,155.9000,1970,5.6053
152,1.4600,reported,91.0423,91.0000,7.9000,50.1653,15.2148,0.0395,0.0000,7.6441,12.2864,7.0052,42.3221,13.3231,2.8619,62.5000,2003,5.0835
153,0.2600,reported,192.8300,193.0000,8.4000,142.6382,14.2465,0.1690,10.1541,26.5583,45.0648,12.0122,49.0686,57.5882,49.5204,744.5000,2018,1.7678
154,0.7710,calculated,142.6308,0.0000,0.0000,90.5441,0.0000,0.0000,0.0000,13.2656,17.6005,8.4289,56.6890,26.3956,22.6029,185.0000,1979,3.8492
155,0.5100,reported,95.5807,96.0000,7.7000,40.9302,26.9775,0.0395,2.0108,12.5785,12.7864,7.1394,57.8399,14.9510,18.1200,188.9000,1986,4.3368
156,1.0154,calculated,236.1865,0.0000,0.0000,181.5365,0.0000,0.0000,0.0000,31.2657,30.5308,17.7180,53.2451,89.8994,66.3220,232.6000,1970,11.3496
157,0.3846,calculated,162.1581,,,103.3200,,,,15.5828,23.7052,14.9934,34.3749,34.7785,37.0550,421.6000,1992,4.2831
158,0.5000,reported,84.9699,85.0000,3.1000,37.8582,15.9174,0.2696,5.3021,8.7427,8.5379,10.0957,16.8921,21.3331,10.1447,171.1000,1987,4.4274
159,1.1500,reported,252.9910,253.0000,12.4000,201.8418,25.0605,0.4666,0.0000,29.0987,69.6110,9.2380,27.4295,45.1553,84.2511,219.2512,1896,12.0716
160,1.2866,calculated,203.2876,,,153.0066,,,,14.7275,49.2597,10.5889,38.5837,24.0942,18.1790,158.0000,1970,8.4822
161,1.9487,calculated,245.5368,,,186.2876,,,,23.9399,64.7144,24.8119,28.4563,21.3350,26.0589,126.0000,1968,9.8398
162,0.5500,reported,114.2715,114.0000,10.1000,73.7004,14.7797,0.1690,0.0000,13.0165,22.5462,17.3333,25.2991,26.4231,21.5985,208.4000,1963,4.2260
163,0.5600,reported,92.1450,92.0000,0.0000,52.4656,13.4291,0.6278,0.0000,11.4651,9.2387,14.8561,23.0942,36.8351,12.6147,165.4000,2019,2.2795
164,0.6100,reported,116.4694,116.0000,0.4000,63.8345,21.8113,0.1294,0.0000,11.9594,45.0750,9.7263,14.7473,36.8038,13.6387,191.4000,1991,2.9313
165,0.7928,calculated,175.2085,,,115.1529,,,,15.3814,20.2921,5.1131,48.6426,26.0119,36.3449,221.0000,1979,7.5612
166,0.2500,reported,107.9783,108.0000,4.2000,65.3865,14.5472,0.5262,1.8960,10.2209,18.9235,6.8725,10.6823,22.9207,31.1887,429.1000,2022,3.4495
167,0.5529,calculated,113.2863,,,62.2069,,,,10.4546,20.1158,7.5412,29.1199,19.3567,22.7719,204.9000,1986,3.7417
168,0.9656,calculated,233.5683,,,173.9102,,,,27.8405,57.3595,8.0888,38.9346,39.7447,76.7096,241.9000,1908,9.8400
169,0.5792,calculated,103.7993,,,53.2428,,,,12.0100,15.3794,3.9376,16.3440,35.9274,23.9262,179.2000,1990,6.0779
170,0.4500,reported,356.7689,357.0000,16.9000,302.1884,15.7000,0.6513,12.6074,42.6766,58.1394,17.1632,43.3689,84.7669,157.7213,794.9000,2006,5.2507
171,1.5955,calculated,251.6058,,,200.2873,,,,19.9696,77.1371,13.8893,50.0380,22.4939,45.9661,157.7000,1937,10.3857
172,0.4300,reported,177.5677,178.0000,0.1000,126.8031,15.7231,0.1690,9.2500,24.4494,30.2549,15.5353,44.8956,49.4298,44.8102,409.5000,1987,4.7961
173,0.6000,reported,109.3868,109.0000,9.8000,56.1964,27.4385,0.1294,0.0000,11.5238,14.7612,4.9281,56.5625,17.6898,11.3526,181.4000,1965,2.8332
174,0.5280,calculated,126.6705,0.0000,0.0000,76.8819,0.0000,0.0000,0.0000,12.8421,25.4807,5.9932,27.7113,27.3605,27.9319,239.9000,1992,4.0374
175,0.5600,reported,156.7882,157.0000,6.6000,99.3560,25.3078,0.1690,6.3331,16.3255,35.4999,3.7812,34.5857,29.0854,23.1103,278.4000,1980,5.5693
176,0.4525,calculated,216.2272,0.0000,0.0000,165.6358,0.0000,0.0000,0.0000,21.8223,32.6899,18.9823,60.1662,51.9742,47.8584,477.8000,1980,6.1684
177,1.1500,reported,105.5201,106.0000,4.6000,53.5391,16.4707,0.0300,9.8579,8.7363,15.0292,8.9382,8.3646,17.3870,12.4996,91.6953,1978,7.0499
178,0.8380,calculated,157.2886,,,105.2361,,,,16.6643,18.8978,8.2667,70.7744,17.8803,24.4575,187.7000,1958,6.1378
179,1.0295,calculated,161.7325,,,102.0841,,,,15.0079,24.7483,12.2077,33.9006,17.6689,33.0776,157.1000,1920,11.9900
180,0.5881,calculated,171.3628,,,121.7888,,,,17.6226,20.9175,19.4255,65.9672,8.3968,33.2049,291.4000,1984,5.7200
181,0.3200,reported,113.4374,113.0000,4.3000,64.6794,15.8739,0.2696,6.9919,13.2009,26.8438,5.5553,26.4139,28.2896,18.2201,358.3000,2001,3.1366
182,0.4900,reported,127.1863,127.0000,5.1000,68.4690,24.5948,0.1690,8.3311,13.3974,21.4253,5.1073,23.4745,27.3977,21.8436,261.9000,2004,4.6649
183,0.3209,calculated,114.9310,,,64.0077,,,,13.7504,15.4403,6.9821,38.4987,22.8794,24.4224,358.1000,2006,1.6900
184,1.3033,calculated,238.5083,,,178.6617,,,,21.3418,49.2968,9.2671,47.2425,18.8237,42.4457,183.0000,1940,14.1239
185,0.5900,reported,111.9169,112.0000,0.1000,59.7656,20.1470,1.3100,0.0000,11.6759,15.7215,9.0943,36.7508,22.2725,16.2726,190.2000,1950,3.8431
186,0.5012,calculated,153.3043,,,94.4940,,,,10.2021,15.0036,5.6505,31.8290,19.5491,24.9866,305.9000,1991,2.3158
187,2.0974,calculated,311.8827,0.0000,0.0000,263.1404,0.0000,0.0000,0.0000,30.0320,73.8090,46.9025,29.9357,33.4278,74.3161,148.7000,1930,13.8490
188,2.3178,calculated,279.0655,,,217.3736,,,,24.6490,43.4846,21.8924,35.6190,17.8751,73.7849,120.4000,1942,13.9248
189,0.5000,reported,92.9722,93.0000,2.9000,48.7714,16.4557,0.1294,1.9930,11.8108,14.5241,8.8229,33.8407,29.4405,13.5949,187.0000,1980,3.5939
190,1.0719,calculated,193.7912,,,134.1491,,,,15.7470,30.8129,8.5296,29.5400,22.4296,42.7033,180.8000,1978,8.2582
191,0.4400,reported,129.6624,130.0000,0.1000,54.5770,27.2833,1.7607,0.0000,13.3085,21.8055,4.5280,23.0126,48.5351,27.9600,293.1000,1995,2.7831
192,0.9100,reported,155.4487,155.0000,2.0000,113.2567,15.9010,0.6684,0.0000,11.8993,17.6210,20.5162,38.6835,15.7959,13.3424,170.7000,1959,3.5677
193,0.6300,reported,166.0709,166.0000,0.1000,80.3607,28.0496,0.1294,11.4898,24.4171,31.2628,18.9934,50.3093,40.1950,37.3659,264.6000,1950,6.2848
194,1.4703,calculated,175.2645,,,124.5972,,,,18.8680,40.9586,12.6901,36.9858,20.9975,28.3253,119.2000,1950,22.3440
195,0.9311,calculated,197.3959,,,145.0027,,,,21.8130,38.6643,12.8541,84.8055,24.7499,30.9207,212.0000,1944,3.7057
196,0.5500,reported,89.3068,89.0000,0.0000,47.2239,16.3308,0.1294,0.0000,12.7921,20.1732,5.8547,9.5443,32.1100,21.1285,161.8000,1976,8.8752
197,0.6600,reported,145.3550,145.0000,6.9000,89.5265,24.7412,0.2481,5.2168,15.0581,19.5127,3.7523,28.2309,20.6783,43.2435,219.6227,2001,6.0013
198,0.5900,reported,98.2728,98.0000,3.8000,41.8283,25.9505,0.3595,4.5121,8.9847,9.9430,2.2431,13.9484,20.7158,19.6258,166.3000,1986,4.9465
199,0.6130,calculated,249.2418,,,189.9199,,,,21.3571,47.2048,17.1369,42.4797,46.1846,41.4226,406.6000,1986,3.9241
200,0.3900,reported,71.0008,71.0000,0.9000,24.7919,15.9091,0.0899,4.5873,8.3438,11.0410,3.6567,19.1431,16.6363,13.9993,181.0000,1972,4.0020
201,0.3700,reported,79.9621,80.0000,0.8000,34.3578,16.0676,0.1294,3.7846,11.3474,14.1129,8.1764,45.2173,16.0645,12.1763,217.6000,2007,3.3543
202,0.6400,reported,108.2863,108.0000,3.8000,66.1701,16.4147,0.0791,0.0000,10.7418,14.4518,4.4785,45.3978,14.2459,12.2043,169.9000,1955,3.8732
203,0.7250,calculated,212.9220,0.0000,0.0000,153.8843,0.0000,0.0000,0.0000,20.2445,40.2839,7.9304,31.2695,23.9359,58.2509,293.7000,1992,7.8649
204,0.6000,reported,159.8180,160.0000,11.9000,102.1415,27.9022,0.1690,3.9829,17.0923,48.6075,10.0645,28.9222,42.9525,27.0522,264.3000,1983,3.2379
205,1.1599,calculated,217.6040,,,157.8612,,,,20.1742,50.2061,18.6504,38.4762,18.6298,27.6534,187.6000,1950,6.8391
206,0.6700,reported,107.1822,107.0000,4.2000,52.4800,24.0088,0.1690,4.9019,10.9588,13.0549,3.6751,21.6101,20.2048,25.1151,159.2000,2000,6.6879
207,1.0200,reported,220.5697,221.0000,11.1000,179.7511,15.0271,0.1690,0.0000,30.1064,67.9649,8.9081,25.6849,26.9340,80.0621,215.2000,1870,14.8712
208,0.7071,calculated,174.6570,,,115.2173,,,,14.3201,31.7163,4.4373,26.8976,30.8126,32.4452,247.0000,1986,5.0522
209,1.0858,calculated,251.5765,0.0000,0.0000,190.5228,0.0000,0.0000,0.0000,23.9649,62.2201,22.8939,26.2215,38.9505,59.4362,231.7000,1942,7.4669
210,1.1200,reported,321.9896,322.0000,19.1000,271.7384,19.2977,0.2588,0.0000,61.4501,13.1003,67.4005,17.1658,59.3501,125.3837,287.7000,1937,15.6793
211,0.3600,reported,112.2046,112.0000,10.6000,70.2087,15.6318,0.7416,0.0000,11.6765,21.4921,12.6351,43.9146,19.7357,17.0229,308.6000,2000,1.8757
212,0.7200,reported,224.3093,224.0000,9.3000,175.9747,17.0845,0.0791,5.5488,24.6843,21.2759,17.6583,112.3135,28.9032,20.9182,312.2000,1970,3.2079
213,0.4585,calculated,197.3849,,,137.0926,,,,20.0784,38.5156,6.9687,34.3889,61.3484,46.6533,430.5000,1986,3.1543
214,1.4179,calculated,431.8848,,,371.2907,,,,49.5689,186.5781,6.5835,72.0724,61.7164,90.7490,304.6000,1911,7.9178
215,0.7053,calculated,203.4781,,,143.7576,,,,17.4881,34.3178,5.5132,23.2164,32.3768,53.3977,288.5000,1984,6.0789
216,1.5805,calculated,337.7577,,,278.4061,,,,31.1791,77.5577,12.0528,42.6869,32.1674,85.2119,213.7000,1940,15.2011
217,0.5800,reported,144.8441,145.0000,0.1000,94.7203,19.1708,0.2588,0.0000,27.5258,16.8053,50.3563,14.3638,30.5089,23.2033,248.1000,1945,4.4728
218,1.2355,calculated,204.8508,,,145.4843,,,,18.8993,35.2159,8.9426,34.7257,12.4779,68.0341,165.8000,1920,11.7635
219,0.4600,reported,94.9336,95.0000,3.5000,37.5881,26.2501,0.1186,5.3543,8.4979,9.0053,15.1570,13.2117,20.6448,10.0891,206.3000,2003,3.2993
220,0.9000,reported,174.0225,174.0000,7.8000,123.3058,24.9254,0.1690,0.0000,16.1556,41.4801,4.3896,22.7131,28.8701,29.7063,194.4000,1950,7.7219
221,0.5700,reported,110.1123,110.0000,4.6000,55.7015,25.0825,0.1690,3.5368,8.5185,17.3612,4.9717,14.9328,13.8709,16.7348,194.2000,1970,5.0170
222,1.1155,calculated,172.2345,,,110.3897,,,,15.2562,25.6375,4.4915,33.4135,24.0976,29.4014,154.4000,1977,5.9400
223,0.3300,reported,191.6938,192.0000,0.1000,148.5136,17.2305,0.3272,0.0000,27.3857,63.0415,19.4341,42.0252,42.8720,37.4657,588.9000,1940,8.9052
224,0.6100,reported,96.8478,97.0000,0.0000,49.8821,14.6317,0.1294,6.5821,11.3596,21.6228,5.8067,18.1590,25.6075,14.7878,158.3000,1988,5.0819
225,0.7600,reported,129.6783,130.0000,14.4000,84.8374,17.2778,0.0791,1.8613,14.7554,14.4974,13.6347,43.1510,27.1786,29.6176,170.4000,1965,9.2336
226,0.5900,reported,117.0963,117.0000,3.5000,69.9805,15.4166,0.1690,5.9077,11.5095,15.7811,5.5985,31.2882,26.8255,13.0884,198.0000,1975,3.6321
227,1.2311,calculated,199.8023,,,149.1812,,,,21.1063,64.1864,7.5052,41.3167,28.0412,34.5545,162.3000,1949,8.0000
228,0.3900,reported,72.2495,72.0000,5.4000,28.5422,15.5025,0.6656,1.9166,7.5383,13.8312,5.2839,39.6967,19.5345,8.4331,187.2000,1991,2.1439
229,0.3000,reported,91.0234,91.0000,0.6000,48.8246,16.4073,0.1690,0.0000,9.8903,31.7289,8.9600,7.6041,37.6221,13.0360,299.3000,1992,2.5381
230,0.8300,reported,150.0895,150.0000,0.1000,101.2511,16.9570,0.1690,6.0899,25.5474,26.9295,7.9040,83.9778,39.7705,30.2716,180.1000,1961,7.5458
231,1.2125,calculated,176.1832,,,125.8515,,,,17.1201,19.8101,11.0070,36.4607,19.3764,33.8076,145.3000,1968,14.2826
232,0.3635,calculated,177.5857,,,127.2971,,,,20.0143,35.6760,12.0886,32.1710,42.4849,56.6782,488.6000,1990,3.4339
233,0.4800,reported,90.9904,91.0000,7.3000,46.1359,17.5586,0.0395,1.6337,13.6053,17.3794,15.5400,57.6228,18.6187,14.1238,190.6000,1984,6.2963
234,0.4100,reported,63.2866,63.0000,0.0000,16.6136,15.5656,1.2459,4.2389,6.1957,7.0776,6.9254,14.8222,20.2431,10.3614,155.8000,2009,2.2866
235,0.7237,calculated,130.0402,,,71.0536,,,,10.7853,29.0261,4.2215,14.9609,21.7009,21.1880,179.7000,1994,6.1878
236,1.5301,calculated,279.6955,,,227.8507,,,,19.2332,71.2159,10.9038,74.5680,23.9065,43.6804,182.8000,1976,8.9794
237,1.1274,calculated,268.7655,,,219.1859,,,,22.2041,55.2817,22.3975,88.9297,28.3905,25.7373,238.4000,1960,3.5974
238,1.4056,calculated,218.7057,,,168.1945,,,,25.5705,90.9986,35.0195,41.3602,19.3763,27.6995,155.6000,1950,5.6455
239,0.9000,reported,223.5852,224.0000,0.1000,181.3001,16.5333,0.1294,0.0000,25.9856,51.7303,11.5784,65.1406,59.2699,49.0289,249.4000,1947,5.8961
240,0.9191,calculated,264.5047,,,203.7400,,,,31.7421,52.9305,15.4491,49.2149,47.8227,80.7361,287.8000,1900,8.8400
241,0.6800,reported,161.3687,161.0000,6.7000,107.0071,20.3990,0.0791,8.2611,19.8746,31.6362,13.3028,31.2269,22.9364,50.2728,237.0000,1876,11.7600
242,0.7092,calculated,128.3010,,,78.4263,,,,10.8358,18.0545,5.4651,20.4113,21.1447,18.8494,180.9000,1961,7.3229
243,0.9684,calculated,232.1208,,,181.2638,,,,24.5469,85.4310,6.8949,55.2166,37.3818,32.7811,239.7000,1890,7.5444
244,0.8804,calculated,183.7372,0.0000,0.0000,125.2494,0.0000,0.0000,0.0000,20.1747,40.8312,11.3085,25.8041,32.1510,45.0932,208.7000,1970,9.9769
245,0.4700,reported,146.6407,147.0000,11.3000,86.9322,28.7378,0.1690,5.1794,15.3428,32.9264,8.1778,42.4217,37.9007,17.5581,308.8000,1997,2.1685
246,0.2700,reported,78.5770,79.0000,15.7000,34.5445,15.0606,0.0395,3.3097,14.0882,29.7404,10.0335,48.7522,20.9787,14.6881,291.2000,1957,3.2514
247,1.1639,calculated,240.5722,,,189.4663,,,,18.6744,51.3546,12.7574,40.0183,32.0292,42.4667,206.7000,1920,7.5742
248,0.5400,reported,101.9672,102.0000,7.8000,59.6440,16.0345,0.6662,0.0000,7.7845,13.0548,5.9392,25.7566,10.1226,16.3676,187.1000,1990,3.7620
249,0.9300,reported,139.8014,140.0000,15.7000,98.2898,15.2643,0.6245,0.0000,11.9750,15.0225,6.8844,62.0465,9.3507,17.7582,149.6000,1960,5.8834
250,0.5579,calculated,187.0669,,,127.4483,,,,16.4400,28.6817,7.3472,28.4433,31.0943,44.0647,335.3000,1984,4.1421
251,0.1900,reported,49.8448,50.0000,1.0000,11.8994,10.1423,0.4773,1.7031,6.1701,10.1660,4.2747,15.2636,9.7583,18.9274,262.4000,2020,4.5500
252,0.7000,reported,154.2156,154.0000,8.3000,111.7158,16.1742,0.7028,0.0000,11.8964,23.5279,7.4987,30.2041,36.4446,42.8891,220.6000,1975,5.1753
253,0.8500,reported,79.5233,80.0000,2.2000,38.4320,15.2998,0.1690,0.0000,7.8258,13.6504,10.3711,16.1181,14.7551,17.0468,93.7000,1910,10.7937
254,1.3073,calculated,246.5551,,,178.4557,,,,29.4736,51.5259,16.6951,40.3555,35.3887,90.7963,188.6000,1925,14.3886
255,0.6823,calculated,127.9240,,,68.0318,,,,9.2963,14.5881,9.7762,23.0928,23.2400,15.5631,187.5000,1950,1.8418
256,0.9300,reported,496.2584,496.0000,0.2000,397.2952,37.0572,0.5177,0.0000,85.3201,74.0032,108.7802,80.8605,61.6865,154.9502,536.1000,1930,11.8100
257,0.5656,calculated,112.7162,0.0000,0.0000,62.2220,0.0000,0.0000,0.0000,9.6100,17.8373,6.8283,28.1733,26.9876,23.3573,199.3000,1970,2.9937
258,0.6206,calculated,112.7547,0.0000,0.0000,60.3903,0.0000,0.0000,0.0000,9.5918,12.3134,9.2531,32.5247,26.4072,20.3908,181.7000,1980,3.5365
259,0.3730,calculated,91.3950,,,40.0191,,,,8.4081,15.5755,8.2637,25.6876,15.9637,15.0195,245.0000,2006,2.1132
260,0.6772,calculated,117.6333,,,58.7921,,,,7.8464,15.1066,5.8463,12.4871,22.3346,16.7445,173.7000,1996,4.2783
261,2.7397,calculated,440.2750,,,390.7044,,,,50.6770,77.3173,59.6166,35.3069,27.0447,162.7787,160.7000,1910,29.9087
262,0.5542,calculated,176.0777,,,116.5399,,,,13.3218,20.3744,9.8603,36.7804,33.5264,23.5773,317.7000,1982,5.8314
263,0.5600,reported,101.1210,101.0000,3.9000,53.5571,15.8739,0.2696,5.7979,10.8118,20.6398,2.6578,19.3735,24.2647,18.5009,182.2000,2010,3.7670
264,0.7100,reported,295.5693,296.0000,0.1000,147.7533,54.9773,0.1798,0.0000,36.6030,30.7044,24.0004,9.2334,48.1126,115.2526,417.3000,1910,10.5900
265,0.9947,calculated,246.0811,,,183.6920,,,,17.5355,21.7084,12.5877,83.8771,21.6055,32.7060,247.4000,1960,3.2716
266,0.4206,calculated,148.7278,,,97.3690,,,,14.7582,24.5392,15.1270,32.1715,28.2826,39.8036,353.6000,1986,3.1640
267,0.6520,calculated,111.3695,,,52.9004,,,,10.6159,16.0736,6.2526,26.0671,22.4688,15.6452,170.8000,1988,6.6506
268,0.3700,reported,99.1841,99.0000,8.2000,60.1618,12.6860,0.7138,0.0000,12.2951,34.6345,7.3489,23.8593,31.7735,16.1997,267.1000,2024,2.0900
269,0.5200,reported,100.4389,100.0000,12.9000,58.8322,15.9444,0.0395,0.0000,9.4416,14.5684,15.8050,22.7343,19.4530,16.3114,194.4000,1978,3.9277
270,0.5437,calculated,108.4679,0.0000,0.0000,57.3713,0.0000,0.0000,0.0000,10.8693,15.7911,6.5992,29.1563,34.8138,13.1708,199.5000,2007,1.4938
271,0.4056,calculated,138.7660,,,79.7346,,,,12.9932,34.5431,5.1516,27.7051,26.8912,25.3739,342.1000,1989,3.4800
272,0.4200,reported,100.7782,91.0000,8.2000,61.5518,12.9417,0.6622,0.0000,11.5610,34.2917,5.5124,21.5113,21.4729,26.4016,239.5000,2019,3.2000
273,0.7658,calculated,131.4808,,,72.9814,,,,15.1016,17.4233,12.5607,33.4173,22.0750,15.3905,171.7000,1935,5.1660
274,0.9200,reported,260.5528,261.0000,14.5000,194.5898,24.5223,0.0899,0.0000,28.0552,44.2449,9.0098,23.1555,59.6790,82.2656,282.9000,1900,10.4075
275,0.5300,reported,141.6530,142.0000,0.1000,81.2611,19.4823,0.2588,7.8999,20.9126,21.9877,23.9368,30.2639,43.0223,33.8799,266.9000,1952,5.8060
276,3.0641,calculated,453.8001,,,401.2288,,,,31.1553,34.9872,8.4261,62.0134,38.6486,97.0825,148.1000,1975,14.5149
277,0.4500,reported,90.2352,90.0000,2.6000,38.1710,25.2610,1.1806,0.0000,11.6917,25.8586,5.2374,16.9318,27.8882,14.3606,202.1000,1992,5.4036
278,0.7100,reported,139.3699,139.0000,5.4000,79.5641,25.2285,0.7061,8.2489,12.9796,21.0641,3.5577,23.0170,31.8781,29.4573,196.6000,2002,4.7038
279,0.9282,calculated,153.7135,,,92.9437,,,,13.0299,18.4845,12.2322,20.4160,23.6900,19.7059,165.6000,1978,2.8775
280,1.3377,calculated,272.6256,,,213.8046,,,,29.2928,79.0209,12.4300,51.2171,27.4664,73.3791,203.8000,1920,13.8397
281,0.3400,reported,67.7578,68.0000,0.2000,26.2673,15.6989,0.1690,0.0000,7.3598,14.8798,4.7310,15.4122,33.5399,14.2958,200.4000,1975,6.3100
282,0.6600,reported,157.5373,158.0000,6.8000,99.8196,26.0082,0.2696,5.8175,18.7877,33.2590,13.5051,29.3187,28.1171,37.6871,237.9000,1982,7.6728
283,1.0586,calculated,214.4676,,,152.9197,,,,16.5580,28.2067,8.0297,41.4530,32.1203,41.3037,202.6000,1978,4.8781
284,0.7600,calculated,156.7099,,,96.9210,,,,13.2365,56.5394,11.5675,22.8560,19.8027,20.1047,206.2000,1960,4.8658
285,1.1800,reported,204.0385,204.0000,9.9000,148.3558,24.6705,0.1294,5.2607,19.8280,59.0505,7.9353,37.5401,21.5988,34.3673,173.1712,1920,8.2195
286,1.0180,calculated,368.5246,,,307.4534,,,,36.4212,39.7464,26.2480,79.6687,67.6095,67.3059,362.0000,1962,5.9495
287,0.5900,reported,167.8741,168.0000,15.4000,126.0644,16.1082,0.0791,0.0000,19.9430,30.4032,7.3608,66.7489,49.6094,27.9869,286.2000,1991,2.9865
288,0.8194,calculated,183.5466,0.0000,0.0000,125.0341,0.0000,0.0000,0.0000,14.8128,30.0242,10.5504,24.6154,23.8814,37.5251,224.0000,1982,6.4397
289,0.6908,calculated,121.1638,,,69.1418,,,,11.7364,14.8579,9.0264,39.0391,25.9404,23.8267,175.4000,1980,4.6475
290,0.8200,reported,201.1873,201.0000,14.4000,140.6369,34.7981,0.1294,0.0000,16.7987,38.9644,6.2948,47.1587,42.1760,28.6011,244.8000,1960,4.3516
291,0.2700,reported,68.2002,68.0000,0.0000,21.5945,16.1112,1.7186,3.1534,14.8256,17.6050,6.3228,23.3433,31.2358,32.2085,250.6000,1978,0.4200
292,0.7900,reported,135.2732,135.0000,0.5000,88.3102,16.2149,0.1294,4.9962,16.6332,17.7563,3.9919,66.7901,24.2953,21.5374,171.4000,1969,5.9139
293,0.4700,reported,168.3125,168.0000,7.5000,108.9916,23.4813,1.4721,8.7452,14.6009,28.4866,5.7654,29.3340,44.4867,41.7608,360.4000,2002,3.7473
294,0.6500,reported,109.9930,110.0000,0.0000,66.7051,17.5550,0.1104,0.0000,16.1617,9.4957,3.8265,9.2812,47.3069,38.6082,170.0000,1922,11.0611
295,0.6674,calculated,181.2562,0.0000,0.0000,129.3633,0.0000,0.0000,0.0000,23.5410,45.3191,5.6816,32.4658,44.1095,65.9613,271.6000,1974,7.6101
296,0.7700,reported,73.3251,73.0000,14.6000,26.5996,15.3415,0.0395,5.7219,7.4413,10.6320,6.9030,23.5146,18.8230,18.6299,95.0000,1950,20.2006
297,0.7565,calculated,152.8968,0.0000,0.0000,100.5859,0.0000,0.0000,0.0000,19.8082,32.8102,18.2414,23.2999,38.2019,54.4975,202.1000,1981,9.4152
298,1.3939,calculated,197.5157,,,137.2269,,,,15.0379,43.2612,8.8824,45.8169,16.4307,18.4925,141.7000,1930,7.3111
299,1.2405,calculated,289.8940,,,227.6463,,,,26.2674,33.6690,17.3681,43.5414,40.5744,36.7435,233.7000,1980,6.7860
300,0.4368,calculated,244.0235,,,184.1120,,,,22.2030,47.2219,9.1151,31.6513,64.1232,49.2519,558.7000,1989,3.0306
301,0.7782,calculated,148.8669,,,99.1504,,,,11.4131,14.7077,6.8763,38.8322,14.9485,16.9790,191.3000,1989,4.3018
302,1.6104,calculated,256.8544,,,204.7276,,,,21.3767,61.1481,16.4914,52.3350,24.4597,33.9508,159.5000,1946,5.4554
303,0.4170,calculated,200.6387,,,140.7691,,,,16.1864,39.1718,8.7141,21.2258,58.5266,31.6886,481.1000,1994,3.2334
304,0.8928,calculated,103.3905,0.0000,0.0000,51.2009,0.0000,0.0000,0.0000,8.5627,14.3330,8.3203,29.2318,13.6945,15.8125,115.8000,1974,5.7401
305,0.8859,calculated,162.1279,,,99.8665,,,,13.8806,24.5002,9.3378,37.9776,25.3690,27.9767,183.0000,1956,5.0535
306,0.9851,calculated,89.7395,,,39.6956,,,,7.9566,13.1456,5.4432,18.0441,20.7345,12.4635,91.1000,1981,10.0152
307,1.1418,calculated,232.2381,,,169.8094,,,,19.3070,12.3815,11.7831,68.0769,27.5859,44.1283,203.4000,1956,7.9748
308,0.6600,reported,122.6174,123.0000,0.1000,77.9335,15.5001,0.1690,3.3922,16.9076,15.8791,6.5404,49.0386,55.2221,14.9386,184.7000,1972,4.9647
309,1.1099,calculated,177.1459,,,117.8450,,,,17.6833,59.5684,7.1141,35.7676,20.2163,23.7071,159.6000,1912,12.1100
310,0.4800,reported,90.8391,91.0000,4.1000,32.1305,22.8359,0.0000,10.2502,9.4415,13.5665,3.2534,12.7837,16.8633,14.4514,190.1000,1962,9.3287
311,0.6700,reported,150.7338,151.0000,4.7000,101.2387,15.4685,0.1294,8.2748,18.6229,34.2252,4.9820,25.0203,46.1361,28.6548,225.2000,1981,6.0530
312,0.9151,calculated,180.2785,,,121.3592,,,,15.6208,23.1325,6.6625,61.8081,29.8304,19.0731,197.0000,1967,6.8709
313,0.5000,reported,389.9181,390.0000,0.2000,192.5496,72.1054,1.0171,0.0000,45.3426,36.9174,19.1809,32.3316,163.7108,97.5239,775.0000,1987,5.8300
314,0.5500,reported,77.8907,78.0000,0.0000,31.9139,15.7278,0.1690,4.4575,9.1891,8.2882,8.5967,21.8552,18.2270,15.6015,142.8000,1974,6.7430
315,0.6888,calculated,127.7125,,,67.8169,,,,8.3182,16.0106,4.7317,24.1125,17.5377,19.7802,185.4000,1989,4.1197
316,0.7197,calculated,137.6139,,,85.3716,,,,12.0649,17.8503,13.3971,50.5901,17.5925,25.6528,191.2000,1986,3.5372
317,0.7121,calculated,174.8805,,,114.8370,,,,14.8050,36.0362,6.9211,23.9278,28.6893,32.7684,245.6000,1982,4.5490
318,0.6600,reported,110.1119,110.0000,4.3000,61.4515,15.5929,1.2202,6.2246,11.4503,8.7707,9.1980,16.0559,29.9162,20.8749,166.8000,1964,7.4149
319,0.6300,reported,167.8648,168.0000,7.2000,109.2097,25.7907,0.1690,7.0730,15.5837,33.8976,7.8694,25.1112,35.6956,24.0180,265.8000,1982,3.1658
320,1.2721,calculated,87.7780,,,36.8763,,,,7.8418,20.7022,8.4996,8.5762,23.4194,13.2366,69.0000,1984,10.8406
321,0.7716,calculated,130.2377,,,70.3288,,,,12.0000,32.8265,6.0313,21.9793,20.9055,18.0852,168.8000,1955,6.3810
322,0.4000,reported,154.9000,155.0000,6.4000,94.5831,24.7946,0.2696,9.6304,18.1071,27.7333,5.8640,21.7488,48.1918,36.3364,385.6000,2009,4.8350
323,0.5200,reported,99.2632,99.0000,9.7000,60.3653,12.7105,0.5650,0.0000,9.5707,28.5429,5.1006,16.4112,18.2190,21.2766,192.6000,2020,3.5700
324,0.7150,calculated,204.3481,,,144.3582,,,,19.0827,37.6260,7.6684,19.8538,40.0524,47.9126,285.8000,1986,7.2992
325,0.5200,reported,96.6905,97.0000,10.4000,43.3587,27.0059,0.7031,0.0000,8.2416,9.3743,5.2235,22.3752,26.9774,13.7920,184.3000,1994,4.4275
326,0.4300,reported,124.0656,124.0000,5.0000,67.9850,24.7852,0.1690,5.5040,13.7175,25.2079,4.5865,20.9391,24.9280,28.4353,285.9000,2001,4.1611
327,0.3800,reported,73.6490,74.0000,0.9000,31.6711,15.5967,0.7585,0.0000,6.6503,20.9629,4.7385,9.2603,13.8341,11.1317,194.7000,2019,1.5000
328,0.3300,reported,86.3267,86.0000,7.3000,43.1104,15.4934,0.1186,1.9816,10.7444,25.9536,8.9625,26.0922,18.8033,16.8821,257.7000,1984,2.3992
329,0.7878,calculated,146.6100,,,94.5260,,,,12.5777,27.6502,11.1685,43.0458,18.1001,25.0212,186.1000,1955,3.5864
330,0.9300,reported,165.7650,166.0000,0.1000,63.4726,39.3351,1.5689,0.0000,17.0904,26.0716,6.1932,16.4891,42.9129,36.3180,177.6000,1947,13.7066
331,1.0573,calculated,194.9646,0.0000,0.0000,143.3509,0.0000,0.0000,0.0000,19.7768,36.9938,10.6718,38.9401,39.0677,61.9881,184.4000,1909,9.5199
332,0.9035,calculated,134.2536,,,74.5779,,,,9.3994,26.8465,4.2306,15.4610,19.4744,19.6761,148.6000,1970,5.9300
333,1.4942,calculated,186.9298,0.0000,0.0000,127.8441,0.0000,0.0000,0.0000,19.6619,45.8916,13.0076,30.8925,22.8201,21.4797,125.1000,1953,12.5226
334,0.4700,reported,79.5699,80.0000,0.0000,33.2580,16.1641,0.6278,3.8973,10.1502,15.8472,5.9149,31.7726,24.0452,14.3406,169.0000,1976,3.6166
335,0.6136,calculated,141.7311,,,83.2518,,,,11.6090,24.4907,5.3317,15.3083,18.5988,25.8769,231.0000,1989,5.7936
336,0.8711,calculated,170.1276,0.0000,0.0000,120.3341,0.0000,0.0000,0.0000,17.2810,19.1666,18.0760,78.7185,22.0450,20.2119,195.3000,1964,5.0972
337,0.6800,reported,80.7139,81.0000,1.8000,31.1052,23.8172,0.1690,0.0000,7.9123,11.1676,5.8939,12.1616,20.1828,13.5126,118.8000,1993,5.6100
338,1.3525,calculated,384.1018,,,323.7957,,,,32.7450,95.4199,11.8128,53.8454,34.1161,88.5353,284.0000,1912,9.1155
339,0.9678,calculated,208.3749,,,157.7875,,,,24.0723,18.5449,15.6710,65.0365,65.1314,42.5310,215.3000,1975,7.2306
340,1.2366,calculated,221.1055,,,159.0890,,,,19.4382,35.7499,7.1575,31.6088,44.2911,46.5679,178.8000,1981,8.3851
341,0.5300,reported,112.8274,113.0000,4.5000,55.2636,25.9510,0.3595,5.6309,12.1656,14.0776,19.8892,22.8648,23.3862,15.2188,214.6000,1952,5.4182
342,0.3500,reported,103.3199,103.0000,0.0000,56.7235,16.1410,0.1294,4.7035,14.5878,27.5516,8.3462,25.6132,31.8342,25.1352,291.5000,2003,3.5741
343,0.8758,calculated,344.9733,,,293.7762,,,,36.2996,54.3127,9.4298,109.9489,49.6907,70.7640,393.9000,1911,5.4152
344,0.4700,reported,77.1549,77.0000,0.0000,29.9552,15.5971,0.1690,5.8110,12.1377,13.4125,4.4567,10.6026,18.5229,33.3423,165.6000,1999,8.8473
345,0.7900,reported,84.8338,85.0000,0.6000,43.1136,15.9286,0.1690,0.0000,7.6054,16.9970,4.4568,12.2867,36.8442,7.8217,107.9000,1988,7.1458
346,0.7288,calculated,155.8255,,,95.9697,,,,11.4928,15.4918,5.4499,24.2935,25.4322,20.9733,213.8000,1983,4.3364
347,0.6918,calculated,206.9894,,,148.0753,,,,21.4535,34.7143,5.7465,36.4245,69.5632,27.0621,299.2000,1992,6.2833
348,1.0280,calculated,227.5896,,,176.6951,,,,18.9880,42.5241,7.3253,55.8695,29.1858,30.5221,221.4000,1910,5.6611
349,0.6137,calculated,371.4643,,,311.4843,,,,36.9351,55.0060,37.1753,40.5776,83.3641,81.5390,605.3000,1988,4.7848
350,0.6600,reported,100.0501,100.0000,4.1000,46.4432,23.4413,0.1690,4.3742,9.7474,11.7834,4.2953,19.1222,15.2626,25.0028,151.1000,2000,7.2537
351,0.6100,reported,148.8315,149.0000,11.3000,107.1930,15.4014,0.6142,0.0000,12.8939,20.6208,8.7657,44.0211,18.8025,33.0142,243.7000,1878,5.0922
352,0.4880,calculated,372.3571,,,313.4430,,,,37.2828,60.2470,18.3003,26.4505,115.1660,110.0140,763.0000,1978,6.4494
353,1.0214,calculated,194.0610,,,135.0619,,,,18.5988,38.2806,17.6458,59.5552,23.5211,24.0943,190.0000,1956,6.9629
354,0.3400,reported,72.2462,72.0000,1.0000,23.4032,16.7558,0.1690,6.2956,11.0434,18.3738,10.6097,24.8956,29.3043,7.6527,211.2000,1987,4.7396
355,1.3084,calculated,236.4208,,,182.4216,,,,22.1694,35.5483,18.1624,17.4338,27.4734,65.1515,180.7000,1975,11.3154
356,0.3912,calculated,188.9226,,,130.3889,,,,21.6637,37.4930,11.4112,27.8977,57.0778,48.4326,482.9000,1994,2.9583
357,0.6589,calculated,139.3020,,,88.8846,,,,14.5328,18.8286,7.6221,59.5411,22.6392,21.2480,211.4000,1977,5.3281
358,0.5700,reported,139.5447,140.0000,6.1000,85.1984,23.6376,0.1690,4.9173,15.9418,20.3837,7.7362,19.4954,34.5296,41.7182,245.9000,1999,5.7783
359,0.6300,reported,118.2826,118.0000,4.8000,61.8331,25.3579,0.1690,5.3002,11.3657,19.3452,4.6251,30.1039,19.3481,15.5701,187.8000,1976,4.3900
360,0.2600,reported,89.3074,89.0000,0.6000,38.6457,15.5996,0.1690,9.2706,11.8911,25.9661,7.8120,31.9642,52.8611,16.7726,348.8000,1993,2.9632
361,0.6800,reported,121.8386,122.0000,3.8000,75.9454,15.3277,0.0899,4.8529,15.0026,13.6752,5.1756,37.4718,47.3276,20.9168,179.2000,1966,5.5238
362,0.9753,calculated,146.8820,,,85.5145,,,,11.3283,14.8515,4.8191,33.1802,16.4398,27.2290,150.6000,1964,3.9574
363,0.4200,reported,132.1615,132.0000,5.2000,72.8353,24.7075,0.1690,8.8274,15.1655,24.3701,4.1048,23.1281,41.0747,30.8537,314.7000,1996,3.3740
364,0.6749,calculated,181.2782,,,122.0630,,,,14.9324,33.0239,12.2767,22.8731,36.6630,29.8196,268.6000,1975,4.8806
365,0.6634,calculated,138.2515,,,86.9922,,,,10.9601,14.7316,6.9958,19.0046,18.6445,26.6982,208.4000,1983,4.1099
366,0.8100,reported,154.0161,154.0000,5.8000,107.7654,15.4837,0.1690,4.9753,17.3476,24.0091,8.5463,45.8497,37.1998,24.1053,190.2000,1964,6.3859
367,1.8406,calculated,270.5623,,,219.4438,,,,26.9140,73.1367,21.0198,48.0906,13.3833,60.3646,147.0000,1902,12.9671
368,0.4500,reported,74.4079,74.0000,2.5000,28.1953,14.5387,0.7032,5.3482,6.3038,7.8051,2.3288,8.1475,16.9928,15.8111,167.2000,2008,4.2467
369,0.6100,reported,112.1388,112.0000,0.1000,70.6749,15.7119,0.1294,0.0000,12.6941,17.7966,15.4613,36.0080,31.1087,10.0687,185.0000,1971,3.1138
370,0.4750,calculated,156.6486,,,106.5375,,,,14.2070,24.1963,8.7895,39.2884,26.3679,23.2587,329.8000,2003,1.6690
371,0.6936,calculated,136.6344,,,86.6979,,,,10.0378,19.4806,3.2262,20.1859,23.8346,19.3327,197.0000,1979,3.6599
372,0.9416,calculated,115.7169,,,64.5662,,,,10.1938,20.1160,8.2178,15.2580,40.7242,23.0398,122.9000,1998,5.4882
373,1.4085,calculated,270.9912,,,208.9850,,,,23.0467,56.6086,11.6184,65.9558,30.5393,58.4192,192.4000,1937,11.9500
374,0.8646,calculated,153.2104,0.0000,0.0000,101.9424,0.0000,0.0000,0.0000,17.1053,18.8163,10.2722,83.0209,23.3665,21.9142,177.2000,1974,5.5655
375,0.4200,reported,223.2738,223.0000,0.1000,57.6109,55.3048,0.7769,16.5831,21.5584,30.0049,8.6187,37.7586,67.1826,43.5734,528.9000,1984,3.2691
376,0.6500,reported,93.1144,93.0000,0.0000,44.8757,15.8343,0.5481,6.2338,10.2422,13.4829,4.7150,12.9685,24.5586,20.6759,142.8000,1998,4.8239
377,0.8600,reported,251.4618,251.0000,16.2000,198.7241,26.9466,0.1690,0.0000,22.2051,27.9896,37.4435,83.2573,48.5627,16.3402,293.7000,1975,2.1427
378,0.6700,reported,226.7941,227.0000,0.1000,152.1340,28.3600,0.2588,0.0000,39.8722,15.5589,53.2515,21.4082,46.5011,78.4503,338.9000,1935,7.4509
379,0.3706,calculated,178.6927,,,119.2344,,,,15.6350,28.0223,7.9310,42.7005,55.7809,31.5143,482.2000,2008,2.6915
380,1.8652,calculated,252.5445,,,202.8286,,,,24.4212,64.9646,20.3969,31.2634,18.9457,49.5493,135.4000,1900,21.7372
381,1.1272,calculated,166.3768,,,104.6786,,,,13.1511,32.7415,9.4083,48.8434,15.4503,20.3982,147.6000,1945,4.8921
382,0.7931,calculated,151.7945,,,92.9311,,,,13.0760,15.6661,11.3271,19.1971,18.9726,34.2074,191.4000,1991,7.8127
383,1.1183,calculated,172.6720,,,110.9058,,,,13.4640,22.4332,9.2097,39.6593,19.4409,24.9159,154.4000,1962,5.0700
384,0.6507,calculated,105.4202,,,45.7986,,,,9.2608,22.0353,2.7294,16.8416,19.2631,20.0203,162.0000,1995,5.0187
385,0.4600,reported,108.5433,94.0000,7.1000,69.9264,12.2764,0.7180,0.0000,12.3710,32.0429,5.7521,23.7742,18.5356,30.3162,233.7000,2023,4.5500
386,0.7000,reported,137.8521,138.0000,0.1000,97.1269,14.9732,0.1294,0.0000,16.8637,14.9813,8.4317,53.5455,44.0638,18.9310,195.8000,1963,4.7268
387,0.7826,calculated,134.7599,,,75.5327,,,,11.8678,8.6666,7.4361,8.0533,29.4169,45.2115,172.2000,1985,10.7168
388,0.5500,reported,92.8717,93.0000,9.6000,50.6945,16.3858,0.1690,0.0000,9.1827,19.7837,5.3300,21.2069,23.5266,13.6867,170.0000,2009,2.7159
389,0.8913,calculated,157.9415,,,106.0420,,,,11.9935,16.1601,7.6754,46.0390,18.5591,19.1013,177.2000,1965,4.6346
390,0.7213,calculated,148.0859,,,96.0207,,,,13.6283,24.8416,21.3567,39.3823,20.4088,27.4487,205.3000,1972,3.6151
391,0.9627,calculated,201.3981,,,150.3269,,,,23.2721,31.1580,16.0637,40.4044,28.4269,82.6564,209.2000,1975,16.5384
392,0.2700,reported,109.6890,110.0000,4.3000,65.1933,12.9182,0.7037,5.2514,9.7574,20.0837,7.3418,34.2404,25.0223,10.6318,404.7000,2020,1.3098
393,0.5689,calculated,109.6356,,,59.5140,,,,9.5531,13.8351,6.7134,31.4184,31.0220,23.1134,192.7000,1984,3.9063
394,0.3400,reported,59.9830,60.0000,5.1000,14.7394,15.9408,0.7360,2.9442,6.7370,15.7316,6.3999,25.9482,14.6767,6.1782,176.9000,2007,1.6415
395,0.9762,calculated,189.2821,,,129.2065,,,,19.0695,36.2493,7.4931,27.9477,27.0786,50.6907,193.9000,1911,9.7209
396,1.3000,reported,108.6013,109.0000,0.0000,65.7466,16.0515,1.1806,0.0000,14.5562,17.4169,7.4877,27.2852,40.1748,14.2897,83.6000,1950,7.4915
397,0.4200,reported,79.1674,79.0000,6.0000,34.9137,15.4519,0.7043,2.4750,10.9421,15.4733,8.3587,50.1545,18.1109,14.2468,187.6000,1970,3.2032
398,0.4393,calculated,205.2184,,,145.7772,,,,23.2334,38.2200,10.2503,24.6052,55.9451,57.8847,467.2000,1991,4.1880
399,0.3368,calculated,238.8612,,,189.1200,,,,34.8869,29.4798,27.3868,65.7248,131.5918,76.7374,709.2000,1960,3.8602
400,0.5300,reported,137.1996,137.0000,0.4000,85.5509,19.8946,1.0599,0.0000,14.3686,19.0518,15.8433,39.2621,34.1594,23.3238,260.8000,1994,4.3239
401,0.5073,calculated,91.6201,0.0000,0.0000,41.8250,0.0000,0.0000,0.0000,9.7787,16.0530,5.1959,27.2830,18.6818,20.4142,180.6000,1979,4.9870
402,0.1016,calculated,192.7775,,,142.4509,,,,45.1484,83.2343,36.3386,85.3915,55.7433,102.9978,1897.2000,1990,1.8948
403,0.9000,reported,66.3214,66.0000,13.6000,25.4695,15.1897,0.0395,0.0000,7.4483,18.0680,6.5483,8.0485,11.7204,7.9350,73.7000,1985,8.7057
404,0.4600,reported,111.4305,111.0000,4.5000,56.4296,24.7312,0.2696,4.3776,10.8741,27.1520,5.0849,18.5907,15.7303,18.7852,240.4000,1982,5.9935
405,0.7275,calculated,177.5172,,,118.0939,,,,14.7570,22.2630,7.7966,18.4157,33.2216,40.1754,244.0000,1974,6.5298
406,0.7008,calculated,108.2080,,,48.9796,,,,8.8196,18.5069,4.4244,17.8332,17.3722,22.2498,154.4000,1978,6.7753
407,0.3500,reported,167.6250,168.0000,7.2000,118.1825,13.9969,0.1690,9.6542,21.7061,28.1480,10.5432,38.2589,80.5874,34.5484,481.2000,2010,2.3575
408,0.8800,reported,82.9513,83.0000,0.8000,42.1473,15.0520,0.1294,0.0000,11.2296,14.9132,24.4283,13.2036,12.2517,6.2357,93.9000,1950,5.1364
409,0.6486,calculated,116.4317,,,64.9394,,,,11.6282,27.4222,4.8386,20.4689,24.7682,34.2039,179.5000,1982,4.9848
410,0.4900,reported,82.6092,83.0000,0.0000,34.2512,15.6877,1.1806,5.8670,9.8244,10.7411,5.9994,26.4573,29.7498,8.6793,167.4000,2000,2.8088
411,1.0500,reported,130.9677,131.0000,6.0000,67.6323,24.3384,0.0000,13.3746,13.1529,22.7407,5.7743,8.9478,17.1899,32.1443,125.2000,1931,12.1807
412,0.6201,calculated,125.6982,0.0000,0.0000,73.6540,0.0000,0.0000,0.0000,9.4139,15.8548,5.2696,30.0028,19.7402,28.7648,202.7000,1992,4.3668
413,0.6446,calculated,300.3798,,,248.5735,,,,25.6843,41.5136,29.7368,99.5254,51.0851,90.1123,466.0000,1975,5.4153
414,0.7965,calculated,260.5216,,,153.7057,,,,29.9821,44.5397,13.0569,62.5999,48.2620,62.9941,327.1000,1950,5.9700
415,0.7009,calculated,133.7276,,,81.4677,,,,11.4987,15.7304,14.7625,44.9102,14.9171,25.2276,190.8000,1982,2.9627
416,0.6837,calculated,183.4372,,,121.4133,,,,16.2804,24.5149,11.1416,49.4216,26.7637,38.4036,268.3000,1992,3.3845
417,0.4843,calculated,163.8506,,,113.2035,,,,17.1649,50.4507,8.1918,30.9195,34.4068,31.6684,338.3000,1970,1.7036
418,0.7243,calculated,278.7915,,,219.1285,,,,23.8916,28.9206,26.5637,76.4759,37.3959,34.6990,384.9000,1968,6.3264
419,0.4579,calculated,149.3795,,,99.4806,,,,15.0580,18.0738,12.3832,41.0697,40.6237,30.8077,326.2000,1985,2.0400
420,0.8302,calculated,149.1018,,,89.5027,,,,11.2891,28.8698,4.8584,18.8014,25.3973,24.2288,179.6000,1976,4.5612
421,0.6675,calculated,151.1846,,,101.2558,,,,12.3527,32.3778,6.2082,26.8307,23.8726,26.1166,226.5000,1980,4.5787
422,0.7617,calculated,183.3405,,,124.4504,,,,17.8208,32.7972,6.4700,50.2861,25.3808,37.9445,240.7000,1950,6.2160
423,0.6300,reported,101.9473,102.0000,2.9000,55.0738,15.6435,0.1294,5.4779,13.7384,15.6551,4.5722,22.9605,27.3004,29.1800,163.0000,1970,8.6649
424,0.3300,reported,71.9684,38.0000,7.8000,29.0034,14.4468,0.0395,2.8560,9.9055,17.6140,8.6115,32.4633,19.6174,14.5368,220.2000,1960,4.7715
425,1.0660,calculated,244.2190,0.0000,0.0000,152.1665,0.0000,0.0000,0.0000,23.3643,33.1318,18.7538,72.6448,30.3393,70.4052,229.1000,1930,8.5576
426,0.3700,reported,161.5094,162.0000,7.1000,103.7012,23.9851,0.0000,8.2008,18.6044,30.1204,12.0208,28.4440,40.8669,35.6718,432.4000,1996,4.7400
427,0.5500,reported,93.9226,94.0000,3.7000,38.2147,24.8945,0.1690,5.0220,9.2350,12.2776,6.5295,7.7192,20.2674,24.6410,172.3000,1978,6.1978
428,0.3800,reported,186.7545,187.0000,8.4000,128.5780,23.8045,0.1690,8.5808,20.8422,31.3542,10.6834,30.3745,37.9780,60.7108,496.2000,1996,3.8607
429,0.2700,reported,117.1780,117.0000,1.4000,74.8658,15.9868,0.7028,0.0000,9.2269,14.7754,12.8327,34.7615,30.6752,25.4613,439.0000,2011,1.7432
430,0.2300,reported,67.6857,68.0000,5.9000,25.6562,13.3396,0.6458,2.4215,8.2888,18.6716,12.4998,33.0972,16.7056,8.1000,288.7000,2018,1.6417
431,0.6200,reported,115.1851,115.0000,5.1000,72.6347,16.2598,0.6678,0.0000,10.4142,14.5079,5.5534,34.3051,33.0881,12.2620,186.8000,1956,3.6136
432,0.7056,calculated,199.8134,0.0000,0.0000,147.3694,0.0000,0.0000,0.0000,27.6070,23.2255,16.4312,56.6058,37.6570,78.9158,283.2000,1950,9.3106
433,0.5979,calculated,269.3112,,,218.1965,,,,24.4849,27.8186,15.6980,102.8328,40.0370,48.9622,450.4000,1978,2.7530
434,0.5800,reported,132.3584,132.0000,13.6000,89.9395,14.6115,2.1849,0.0000,12.9762,34.0901,5.6947,33.6947,37.4366,24.6943,229.4000,2024,1.6394
435,0.7448,calculated,177.4751,,,115.2625,,,,15.0312,30.7349,7.9419,47.8801,27.6563,31.7011,238.3000,1968,3.6223
436,1.0300,reported,94.7605,95.0000,7.3000,50.7474,16.8648,0.1690,1.3567,21.5397,19.6374,14.6732,35.3958,19.0241,57.3061,92.0000,1950,24.5030
437,0.5880,calculated,109.0070,,,57.5391,,,,11.8296,18.3966,13.6486,32.0005,26.5027,20.3636,185.4000,1963,3.7885
438,0.6858,calculated,115.5585,,,65.2140,,,,9.6315,14.2918,7.1481,36.3564,19.4140,12.6110,168.5000,1970,5.6495
439,0.2800,reported,63.3801,63.0000,14.1000,15.4945,14.1269,1.4403,6.6958,6.5376,15.0631,3.7054,15.2468,29.3176,5.8722,229.2000,2022,0.6000
440,0.9160,calculated,178.1623,,,127.3378,,,,15.0985,19.8020,7.3717,39.1054,36.2378,28.9791,194.5000,1975,6.6314
441,0.9800,reported,193.3394,193.0000,14.4000,151.6745,15.6426,0.3995,0.0000,20.5197,28.5633,4.6418,52.4439,38.6624,47.3074,197.0000,1965,7.5240
442,0.5000,reported,162.1987,162.0000,9.4000,101.6981,26.6152,0.1690,8.0936,17.6072,39.5278,4.9017,20.9410,38.2524,37.2797,325.6000,2003,2.7794
443,0.3800,reported,110.4569,110.0000,4.5000,54.6763,22.9465,0.1690,7.0427,10.2743,11.2561,7.2367,29.3923,24.2249,13.7935,289.4000,2008,3.4365
444,0.5576,calculated,104.8376,0.0000,0.0000,52.4629,0.0000,0.0000,0.0000,10.3627,25.8847,5.8572,18.0523,31.1168,16.9650,188.0000,2010,3.4813
445,0.6666,calculated,144.3804,,,82.0904,,,,11.5583,14.6145,9.6463,30.4394,25.0997,32.3254,216.6000,1996,3.0903
446,1.3900,reported,144.4137,144.0000,6.5000,94.4761,24.3153,0.0000,0.0000,14.6114,16.8100,8.7959,15.9496,12.5688,38.9496,104.1000,1952,21.9380
447,0.7300,reported,133.2053,133.0000,16.6000,89.6693,15.5247,0.1294,2.2592,15.6745,13.0857,13.9325,51.8852,29.3053,28.4724,181.5000,1962,7.5930
448,0.5648,calculated,182.2073,,,122.9704,,,,15.3929,46.2730,7.1506,34.1606,12.7259,31.3204,322.6000,1987,3.5271
449,0.5531,calculated,86.9424,0.0000,0.0000,35.0115,0.0000,0.0000,0.0000,11.3825,22.7317,3.7245,17.7793,17.0815,27.8544,157.2000,1986,5.9719
450,0.7200,reported,131.1443,131.0000,9.6000,90.0441,15.4379,0.0395,0.0000,12.0166,18.7641,7.2834,49.9525,26.4961,11.7434,181.5000,1955,4.2166
451,0.6986,calculated,119.7424,0.0000,0.0000,67.8647,0.0000,0.0000,0.0000,11.3605,16.2589,9.0488,31.9322,34.1449,16.1814,171.4000,1980,3.7929
452,0.5552,calculated,192.9482,,,141.6969,,,,17.7272,41.6828,16.3955,56.0358,31.8158,40.5452,347.5000,1965,2.0116
453,1.2596,calculated,364.8933,,,313.7220,,,,37.6584,141.6563,25.2445,69.5430,44.3395,68.0116,289.7000,1900,6.5955
454,0.5916,calculated,138.8405,,,87.2899,,,,13.7002,21.6304,12.7883,52.2792,28.3856,18.6191,234.7000,1950,6.0755
455,0.5805,calculated,198.8240,,,138.4841,,,,16.8509,38.5994,6.3101,25.2622,34.3302,46.1441,342.5000,1987,4.6882
456,1.5192,calculated,318.2719,,,258.7624,,,,28.9009,76.2235,6.8679,21.7385,38.8461,87.4211,209.5000,1925,10.2113
457,1.0400,reported,208.6330,209.0000,9.5000,157.9416,24.9902,0.0791,0.0000,19.0344,16.3062,16.2899,64.3119,38.1748,31.1959,201.2280,1967,11.4941
458,0.4200,reported,85.3963,85.0000,3.0000,27.7274,24.6418,0.7989,6.6056,4.8145,7.8755,3.2455,8.2249,15.5276,9.7311,204.7000,2004,3.1839
459,0.3954,calculated,173.1388,,,113.6309,,,,16.8359,32.5554,9.5162,22.7926,51.3342,38.9165,437.9000,1992,4.2366
460,0.6814,calculated,101.6602,,,50.9554,,,,8.0903,14.2431,4.7886,20.2210,19.9224,17.8503,149.2000,1953,7.9691
461,1.0721,calculated,174.5320,,,114.7419,,,,13.3987,38.5681,6.6342,22.4270,17.4229,32.2584,162.8000,1953,9.1617
462,0.4700,reported,212.2515,212.0000,9.4000,155.0559,24.0615,0.1690,7.3430,25.9260,34.8718,9.6905,38.6197,46.2981,75.3438,453.9000,1998,5.8223
463,0.5477,calculated,110.4069,,,60.6291,,,,11.9893,11.9081,8.4093,25.7930,35.4240,21.3802,201.6000,1982,5.0481
464,0.6900,reported,131.0934,131.0000,0.1000,88.7495,16.6315,0.0899,0.0000,13.3280,23.6107,8.5447,32.5525,29.5160,36.5634,191.3000,1979,5.0807
465,0.5239,calculated,97.6051,0.0000,0.0000,45.9767,0.0000,0.0000,0.0000,8.8846,12.7732,8.4591,28.5001,21.0683,13.1208,186.3000,1979,1.7628
466,0.5602,calculated,139.5494,,,90.1456,,,,14.4175,33.4642,7.7530,18.4699,31.6932,35.3131,249.1000,1998,6.9111
467,0.8600,reported,265.4468,265.0000,0.1000,126.3156,48.7908,1.9557,11.6490,28.9259,18.9322,9.3105,45.8387,55.1630,99.6207,307.3000,1946,14.2500
468,0.7759,calculated,142.3696,,,90.1673,,,,12.6270,19.9273,18.7311,44.4534,23.5655,23.7207,183.5000,1964,2.9840
469,0.4900,reported,98.8453,99.0000,0.0000,40.5630,20.2675,1.2202,6.1003,11.4714,12.2710,10.0617,33.4743,25.2083,16.0788,200.8000,1994,3.4164
470,0.5000,reported,232.1344,232.0000,0.5000,189.9796,15.3912,1.1411,0.0000,37.7610,38.4161,21.9017,12.7413,119.0888,75.1779,468.3000,2005,4.5437
471,0.9427,calculated,229.0749,,,167.7056,,,,18.4235,18.5122,7.9851,91.8008,32.0240,38.2693,243.0000,1965,6.3373
472,0.4600,reported,138.5610,139.0000,5.7000,81.0585,24.6624,0.2696,6.9481,15.1341,26.7444,8.4335,24.7545,29.3700,27.5376,300.2000,2003,3.9602
473,0.4600,reported,106.2838,106.0000,2.4000,58.2591,15.8182,0.1690,6.4148,14.6361,35.9056,6.1387,20.1034,28.2532,20.9150,231.8000,1975,5.7621
474,0.4600,reported,72.7729,73.0000,0.0000,22.8812,15.6689,1.2202,7.3800,9.9773,14.4729,2.2214,16.0604,24.6127,17.8979,158.6000,1988,5.8640
475,0.2500,reported,122.1107,122.0000,4.6000,70.0452,17.6642,1.3010,2.4063,12.6563,27.3477,6.3217,21.1728,32.4811,27.9300,488.5000,2022,3.5000
476,0.7800,reported,148.0887,148.0000,14.0000,106.2224,16.2437,0.0000,0.0000,19.7581,21.1741,11.7983,24.6239,23.1707,68.7266,191.0000,1940,13.0733
477,0.7412,calculated,193.1456,,,133.1593,,,,16.3823,17.3012,8.6433,40.4430,17.7849,51.9160,260.6000,1988,9.0705
478,0.7207,calculated,144.5025,,,93.6889,,,,10.6331,28.0718,5.4577,27.6116,27.4506,19.1601,200.5000,1980,3.0417
479,0.2300,reported,63.5231,64.0000,5.4000,19.6078,13.8813,0.7749,3.6365,8.1077,17.0829,6.5837,30.2603,20.3763,6.8408,275.1000,2020,1.3649
480,0.6035,calculated,136.2157,,,77.6234,,,,13.0493,34.1764,5.2440,18.2895,27.4603,22.0363,225.7000,1990,4.1245
481,0.5700,reported,103.4702,103.0000,4.0000,46.1187,26.1197,0.1690,5.4403,10.1232,22.2850,4.3243,17.2807,22.6931,13.7737,182.6000,1973,4.3383
482,0.5300,reported,103.5713,104.0000,3.7000,52.4569,16.0976,0.1690,9.2253,11.1056,19.7505,2.9464,22.3635,31.3247,11.7995,194.3000,2012,4.1896
483,0.4800,reported,96.8185,97.0000,13.7000,55.2872,15.2467,0.6622,0.0000,9.9486,38.6512,4.5996,16.2924,14.0770,22.2092,201.9000,2019,3.2000
484,0.4859,calculated,220.5031,,,160.5408,,,,19.3200,39.8669,8.6887,33.7991,44.8949,47.0272,453.8000,1987,3.7471
485,0.5190,calculated,75.6199,0.0000,0.0000,25.5649,0.0000,0.0000,0.0000,6.6407,8.2341,5.5781,18.9470,16.4998,10.3026,145.7000,2006,2.4620
486,0.7246,calculated,164.9165,,,102.6718,,,,15.2033,31.3711,6.6270,28.5001,29.2267,34.8875,227.6000,1985,4.8160
487,0.5400,reported,116.0818,116.0000,3.2000,66.0132,23.4586,0.9875,0.0000,9.0930,30.0780,5.3805,17.7255,18.0734,24.3112,215.7000,1975,3.9911
488,0.6135,calculated,112.9977,0.0000,0.0000,61.1253,0.0000,0.0000,0.0000,9.5917,12.6193,6.4369,30.4590,30.2825,21.7770,184.2000,1991,3.9763
489,0.9500,reported,147.1690,147.0000,14.0000,95.1447,26.2721,0.1294,0.0000,12.8619,21.2793,6.9896,39.0924,17.0121,32.7848,155.1000,1940,8.4075
490,0.5100,reported,108.0117,108.0000,4.3000,57.4627,24.7576,0.1690,0.0000,10.6642,21.9812,6.5485,32.3300,24.2586,16.8465,211.9000,1925,10.2829
491,0.6000,reported,115.9904,116.0000,0.1000,68.9106,17.3392,0.6690,3.4491,11.2241,13.0255,11.0021,38.8391,26.1688,18.0374,194.4000,1980,4.2637
492,0.8600,reported,257.9214,258.0000,15.6000,216.0884,16.2101,0.0000,0.0000,20.0566,22.5484,9.4319,80.2078,23.6516,81.8939,300.6000,1980,12.9257
493,0.5707,calculated,183.4371,,,124.0950,,,,15.1020,39.2169,8.8789,24.9659,42.6747,31.0291,321.4000,1992,3.8395
494,0.9153,calculated,143.3415,,,82.0635,,,,10.8528,13.4764,17.4629,25.7567,13.1994,18.7986,156.6000,1976,6.2114
495,0.4200,reported,87.6462,88.0000,7.3000,34.6422,24.5647,0.7041,2.1125,12.3916,14.1623,8.7441,55.7026,15.4427,22.3885,207.1000,1974,3.6761
496,0.8132,calculated,151.0920,,,78.9578,,,,9.2307,19.2017,9.7489,34.9533,15.0875,19.7542,185.8000,1985,3.8666
497,0.3400,reported,95.5394,96.0000,10.0000,50.9808,16.0058,0.1690,2.7614,10.0640,15.6413,6.7521,32.4164,25.0382,10.4055,284.9000,1983,2.3541
498,0.6940,calculated,118.1842,0.0000,0.0000,66.5380,0.0000,0.0000,0.0000,10.1011,18.8354,10.2113,37.1144,16.7291,19.4888,170.3000,1961,1.8104
499,0.6018,calculated,197.5664,,,137.9014,,,,18.6009,34.7553,9.3478,24.2718,38.4350,41.2892,328.3000,1979,6.3501
500,1.1700,reported,231.5034,232.0000,10.6000,186.2840,15.6182,0.2696,3.7095,25.4100,78.6128,3.5709,41.0917,22.1840,56.2957,197.1000,1926,10.6992
501,0.7853,calculated,160.7531,,,101.4551,,,,14.9120,24.9370,8.7540,11.7492,43.2991,26.9127,204.7000,1978,6.3866
502,0.5747,calculated,87.0169,,,36.3219,,,,7.9154,23.2293,4.0910,8.8554,17.8375,16.7948,151.4000,1975,5.3759
503,0.6329,calculated,241.3747,,,182.3146,,,,20.4520,37.6770,11.8731,42.7978,50.0691,62.4560,381.4000,1992,4.7501
504,0.5688,calculated,108.2470,,,58.5494,,,,9.6162,20.1447,8.1296,28.2702,21.7397,20.7675,190.3000,1973,3.0428
505,0.5700,reported,167.3100,167.0000,8.0000,113.5756,24.1240,0.2403,3.7478,17.1216,35.3999,9.8671,46.4258,15.8422,37.7059,294.5026,1968,5.3408
506,0.4400,reported,120.0489,120.0000,2.7000,73.4462,15.7700,0.1294,5.0806,18.0924,15.4032,8.4720,55.0287,44.3276,23.8031,274.5000,1992,4.0837
507,0.1200,reported,92.0640,92.0000,1.8000,45.5183,10.4969,0.1690,10.2573,20.7995,32.9715,9.2935,19.6431,108.6748,21.6085,739.5000,2023,2.3589
508,0.5599,calculated,130.5238,,,72.1066,,,,9.9378,31.7700,4.7871,19.4006,20.4760,22.7531,233.1000,1994,3.3745
509,0.5800,reported,104.9698,105.0000,0.0000,62.3618,16.4367,0.5487,0.0000,12.1974,14.8177,9.4008,26.3144,25.3560,26.6988,180.0000,1978,4.5066
510,0.4998,calculated,104.8611,,,45.6931,,,,7.5020,12.9166,6.5295,22.9951,14.2630,20.0096,209.8000,1995,2.3211
511,0.8100,reported,139.5846,140.0000,6.0000,85.0018,24.8672,0.1690,3.9243,13.3910,29.3296,5.7831,17.1253,19.9321,33.0153,171.9000,1983,6.6887
512,1.0200,reported,238.0404,238.0000,13.9000,196.7932,15.4948,0.1294,0.0000,32.4200,25.2010,29.5437,41.3795,38.2135,75.7112,233.3000,1879,12.7208
513,0.7537,calculated,127.6742,,,67.5008,,,,8.4059,15.9977,7.7472,20.9847,18.8166,16.5524,169.4000,1975,3.2684
514,0.4204,calculated,114.5613,,,63.0730,,,,12.0528,30.9742,6.1473,28.3268,34.8962,15.2680,272.5000,1989,0.9688
515,0.2657,calculated,97.6098,,,46.6137,,,,16.7472,25.7655,13.3957,40.2381,45.4220,39.9191,367.4000,1990,2.8705
516,0.7000,reported,140.9635,141.0000,2.5000,98.8679,16.3436,0.1294,0.0000,11.4643,16.8586,7.1132,39.8948,31.3111,10.4471,201.3000,1965,2.2637
517,0.6600,reported,152.7220,153.0000,0.1000,106.3525,15.9610,0.1594,4.6265,21.3155,22.8815,6.2130,26.0799,33.7896,49.3864,231.2000,1981,8.0331
518,0.7477,calculated,174.8195,,,115.6519,,,,10.8652,24.9551,5.7263,19.6665,36.2965,19.7258,233.8000,1968,6.6477
519,0.6300,reported,107.1561,107.0000,4.3000,52.1165,25.0143,0.2696,4.1332,10.5045,25.0545,2.4194,15.2372,17.0936,21.4808,168.9000,1970,6.0070
520,0.4300,reported,80.5815,81.0000,6.2000,39.2810,15.5090,0.1690,0.0000,8.6560,13.6629,6.7464,23.7528,15.0096,13.2579,185.9000,1970,3.6323
521,0.4869,calculated,166.5649,,,115.7609,,,,15.5710,46.2182,7.8557,29.6863,39.3466,32.1122,342.1000,1994,2.3009
522,0.8500,reported,182.4136,182.0000,0.1000,130.6494,19.7600,1.3100,0.0000,22.0925,31.5995,8.4180,52.5479,35.1419,52.7007,213.7000,1920,12.4080
523,2.2904,calculated,189.6435,,,138.1095,,,,26.1399,25.0363,72.8656,41.6328,17.7269,21.6239,82.8000,1972,12.6538
524,0.9708,calculated,173.0917,,,121.9672,,,,16.6309,22.1097,4.8094,59.8202,28.9165,23.4132,178.3000,1968,6.0977
525,1.0100,reported,282.2869,282.0000,23.9000,222.8405,33.6939,0.1294,0.0000,27.3939,41.2739,8.3393,76.6847,53.5288,66.9908,280.6000,1910,8.9300
526,0.4100,reported,209.3489,209.0000,9.2000,147.3687,25.2788,0.1690,10.9103,27.8304,43.4120,23.6184,32.5191,80.1464,36.5595,509.8000,1995,3.0849
527,0.4700,reported,72.5518,73.0000,14.9000,32.6839,14.1662,0.0791,0.0000,8.0895,9.9468,3.1899,20.4269,18.0409,11.9220,153.3000,1990,4.5370
528,1.3960,calculated,244.3083,,,194.5348,,,,27.1012,35.4041,60.5668,44.1894,20.7606,39.5142,175.0000,1973,7.7096
529,0.5131,calculated,93.0673,0.0000,0.0000,41.4531,0.0000,0.0000,0.0000,7.7421,14.7948,6.0416,26.2823,15.8693,13.5480,181.4000,2007,1.4102
530,1.1216,calculated,192.5835,,,130.4109,,,,12.4914,25.0432,6.0258,46.0210,31.5926,21.7551,171.7000,1962,3.5894
531,0.7077,calculated,168.3014,,,107.2442,,,,15.5389,25.8007,5.9821,46.5605,20.5491,32.3830,237.8000,1990,5.0659
532,0.3900,reported,110.1044,110.0000,4.3000,53.2072,24.8399,0.3595,6.0755,11.7683,28.9666,4.3046,21.7571,30.1901,11.8617,282.7000,1983,2.9330
533,0.8100,reported,193.9794,194.0000,14.0000,141.6619,26.6551,0.0395,0.0000,17.9412,35.7258,13.5109,40.2958,40.2010,37.0709,240.8000,1937,5.4918
534,1.8028,calculated,422.7483,,,362.8663,,,,50.1940,96.9115,38.0684,61.5177,37.4830,147.8515,234.5000,1918,17.9956
535,0.7229,calculated,221.2086,,,161.5111,,,,18.1420,16.9584,15.4071,74.0048,25.4496,27.4850,306.0000,1950,4.7588
536,1.1900,reported,211.0868,211.0000,9.8000,160.4354,24.8603,0.1690,0.0000,16.7303,17.0579,5.5951,84.4714,26.0962,16.5835,177.1000,1961,5.1504
537,0.5900,reported,120.1780,120.0000,11.2000,70.5515,18.1883,1.5786,4.2372,10.8226,32.4149,5.0205,33.3058,22.0936,15.6844,202.6000,2021,1.7600
538,0.9256,calculated,152.7319,,,93.7916,,,,10.7102,25.1465,2.7481,10.4108,38.9066,23.3612,165.0000,1974,9.8898
539,1.0123,calculated,165.4138,,,103.5319,,,,11.5928,21.6965,10.1993,34.2615,24.3558,21.9226,163.4000,1977,3.3957
540,0.6200,reported,125.1727,125.0000,11.4000,66.1132,26.7066,2.3520,4.3785,10.4000,18.4432,11.3993,26.6064,26.0042,23.2426,203.2000,2007,1.7618
541,3.1992,calculated,266.1718,,,215.0564,,,,40.8247,61.5310,46.7064,24.7070,37.9628,87.3585,83.2000,1955,49.9758
542,0.6800,reported,247.3461,247.0000,11.4000,187.7643,25.0830,1.4721,7.4046,20.5568,33.9249,10.1037,31.9447,38.6161,74.1689,363.8000,1988,5.7003
543,0.7700,reported,165.3207,165.0000,7.3000,115.9198,23.6097,0.1690,0.0000,26.0960,27.5699,35.9938,20.9855,31.4377,42.9841,214.8000,1923,8.6828
544,1.2565,calculated,194.6280,,,134.8077,,,,21.2402,51.6996,9.5118,22.0668,15.6303,63.4551,154.9000,1928,15.7383
545,0.2700,reported,68.2153,68.0000,1.8000,26.6520,10.2804,0.8862,4.7742,9.3191,20.0219,2.7161,15.2657,13.6976,23.3106,248.2000,2025,4.5500
546,0.4209,calculated,345.9457,,,290.9541,,,,46.1188,77.6562,64.7017,73.7323,59.4874,120.6358,821.9000,1964,4.3748
547,0.6900,reported,113.3418,113.0000,0.1000,71.5875,16.0023,0.1294,0.0000,14.6722,18.1149,4.0378,19.5147,37.0146,32.9080,164.7000,1978,6.9449
548,1.9898,calculated,544.2039,,,482.6123,,,,48.9639,172.3908,29.2101,61.5278,39.6750,108.7720,273.5000,1933,10.7531
549,0.5800,reported,110.6078,111.0000,4.3000,52.7536,24.8103,0.2696,7.1518,12.3193,11.8072,3.1436,16.0393,26.1441,32.8480,189.3000,2007,5.3816
550,1.9477,calculated,337.5327,0.0000,0.0000,278.2991,0.0000,0.0000,0.0000,28.3212,91.6595,13.9140,49.1040,34.6093,49.8316,173.3000,1949,13.1030
551,0.3700,reported,157.2447,157.0000,7.0000,107.1663,24.1865,0.2696,0.0000,18.5830,30.7233,5.7603,32.5750,30.8898,43.2571,423.5000,2008,4.0666
552,0.4598,calculated,178.9397,,,119.8277,,,,16.9076,37.3285,8.8483,25.9736,57.8593,37.7598,389.2000,1996,3.5966
553,0.6800,reported,225.7401,226.0000,9.4000,175.6708,16.8254,0.1690,7.4527,28.9028,47.9225,14.4964,41.0680,52.0251,66.8548,334.2000,1945,7.8974
554,0.6056,calculated,211.2448,0.0000,0.0000,152.2605,0.0000,0.0000,0.0000,24.1189,35.1690,5.3879,30.3703,44.9652,83.6377,348.8000,2002,6.7329
555,0.6676,calculated,120.4404,,,70.1182,,,,9.4397,17.2538,5.9381,34.0735,17.0246,17.4429,180.4000,1976,4.7385
556,0.4256,calculated,90.1356,,,31.4061,,,,6.8334,17.1965,7.6473,8.0720,21.1283,12.4490,211.8000,2001,3.9925
557,0.4500,reported,169.8637,170.0000,7.2000,112.7823,25.2633,0.1690,6.0267,19.8101,30.6728,6.9981,30.0426,39.4238,48.5357,374.8000,1984,4.1480
558,0.3200,reported,116.3147,116.0000,1.1000,62.9144,20.9966,0.1690,6.6121,26.4702,36.5611,9.8641,65.2147,57.4463,45.9274,368.2000,1989,3.7626
559,0.5000,reported,94.9419,95.0000,0.0000,51.2455,18.0344,0.0395,0.0000,12.3256,21.1389,21.0473,9.4569,34.9290,38.0312,189.9000,1983,13.3158
560,0.9743,calculated,152.8737,,,104.2670,,,,17.0233,19.6365,12.9676,42.7673,33.4083,27.7396,156.9000,1975,9.0800
561,0.4500,reported,118.0901,118.0000,0.1000,71.0578,15.7489,0.5085,5.1525,13.5963,21.0158,8.8482,25.2272,32.4678,24.5419,259.7000,2003,3.0180
562,0.7113,calculated,174.5587,0.0000,0.0000,110.2695,0.0000,0.0000,0.0000,31.0066,18.1412,52.2336,11.6182,33.4330,39.5079,245.4000,1930,6.0623
563,0.7834,calculated,147.1260,,,87.7302,,,,12.6038,30.3621,5.2365,19.8469,25.6721,31.0491,187.8000,1990,6.5892
564,0.8300,reported,159.3287,159.0000,1.7000,117.0660,15.9028,0.7373,0.0000,16.8785,33.1212,13.2008,43.9804,33.0370,38.7087,192.1000,1989,6.3273
565,0.2400,reported,79.8398,80.0000,15.9000,33.8672,15.4698,0.8899,3.9902,13.9428,30.4717,7.3025,27.7531,42.1975,26.9626,336.9000,1991,3.2504
566,0.8200,reported,195.6086,196.0000,0.1000,153.9445,15.9121,0.1294,0.0000,28.1191,21.3588,16.3365,50.7371,20.9713,86.2129,237.6000,1920,13.7522
567,0.4500,reported,115.5136,116.0000,4.6000,59.7098,24.1495,0.1594,5.8726,12.6742,26.2568,3.9303,22.7767,26.2744,20.5355,259.4000,2000,3.6696
568,0.9214,calculated,177.2749,,,126.5587,,,,13.8976,53.0724,8.9910,24.8053,22.8736,19.9826,192.4000,1963,5.4791
569,1.6657,calculated,215.2121,0.0000,0.0000,155.4836,0.0000,0.0000,0.0000,19.9408,35.2637,12.4810,27.4917,21.5119,72.2724,129.2000,1927,21.9828
570,0.4900,reported,118.4451,118.0000,9.5000,75.3018,15.5444,0.0395,1.9367,19.2144,32.5509,11.8512,32.7071,22.6899,52.8213,240.9000,1960,10.2413
571,0.4900,reported,66.1947,66.0000,0.0000,23.5378,15.8537,1.1806,0.0000,8.4192,9.3753,6.9060,7.8183,27.1610,6.9857,134.6000,1970,2.2501
572,1.3200,reported,209.9025,210.0000,10.2000,155.0718,24.9221,0.1294,4.1569,18.5624,53.0779,4.9041,17.5415,10.8707,46.4496,159.0500,1964,10.6680
573,0.8037,calculated,177.5364,0.0000,0.0000,118.5041,0.0000,0.0000,0.0000,16.2008,33.0002,4.7141,28.6331,20.6155,45.3732,220.9000,1994,7.6269
574,0.6990,calculated,116.1759,,,56.2943,,,,9.4134,29.1505,7.7223,23.4061,12.3544,17.7492,166.2000,1950,5.9288
575,0.6600,reported,119.8210,120.0000,4.7000,72.7101,15.8213,0.1690,5.4983,14.4752,21.5553,5.7828,25.1937,26.2267,29.0236,182.3000,2000,6.5331
576,0.4300,reported,106.6782,107.0000,8.7000,63.9163,15.4213,0.0395,1.6783,14.9735,21.1288,9.6408,52.4098,16.6282,37.4874,248.0000,1974,6.8721
577,0.8261,calculated,380.4388,,,317.9810,,,,32.6130,34.5141,31.8039,141.4134,61.8754,59.7034,460.5000,1992,2.1738
578,0.5400,reported,104.4009,104.0000,9.5000,59.5878,18.4586,0.7321,0.0000,9.9100,33.0919,4.7187,20.7552,14.8348,18.1793,194.0000,2021,2.0000
579,0.9300,reported,185.3321,185.0000,15.2000,131.7398,27.8010,0.1690,0.0000,13.2866,23.4863,13.5028,51.3645,30.5648,13.4849,200.0000,1979,1.5416
580,0.2900,reported,56.8036,57.0000,0.5000,10.9692,15.5699,1.7594,2.8825,5.5162,13.2443,4.6060,19.9586,28.9436,6.9995,194.5000,2012,1.8578
581,0.4800,reported,146.1661,146.0000,6.4000,96.6568,23.7180,0.1690,0.0000,16.7191,23.2589,17.5087,12.0731,42.5193,41.1984,301.4000,1990,11.5002
582,1.2256,calculated,246.3365,,,183.8098,,,,22.2577,45.7156,8.7130,62.8615,22.4648,59.4586,201.0000,1940,9.2579
583,0.7900,reported,181.4330,181.0000,7.5000,139.0667,16.5750,0.1690,0.0000,22.1155,43.2047,9.3803,47.6368,26.8318,43.7527,230.8000,1910,8.4090
584,0.3700,reported,117.4350,117.0000,1.1000,73.1083,17.3012,1.4029,0.0000,10.2855,16.7029,14.0497,27.4381,40.1410,28.2963,319.8000,1980,4.0704
585,1.2207,calculated,350.1099,,,299.4618,,,,35.9071,87.9571,13.9788,64.2543,26.0400,95.9719,286.8000,1930,10.4421
586,0.3700,reported,129.9460,130.0000,11.4000,84.8257,18.6974,0.8005,0.0000,13.9026,38.0435,8.9817,24.2473,30.3444,25.2955,347.3000,2023,2.2500
587,0.7400,reported,141.4869,141.0000,6.0000,86.6589,24.9336,0.0000,4.2720,14.2774,6.9784,10.3779,32.1268,23.5817,32.3725,190.7000,1944,12.0993
588,0.5800,reported,127.3158,127.0000,11.2000,77.0692,21.1470,0.1690,3.3082,13.1488,24.2963,10.6617,31.2679,28.5055,22.3692,220.4000,1986,4.7927
589,0.8921,calculated,128.2906,,,76.6093,,,,14.0968,35.0789,10.8658,9.1320,24.6787,27.9154,143.8000,1980,6.1608
590,0.5700,reported,105.6947,106.0000,4.1000,49.7363,24.6734,0.2696,5.3930,9.5479,17.4357,3.4169,12.6378,16.0667,24.2227,185.0000,1989,5.5581
591,0.4600,reported,115.7819,116.0000,0.1000,68.6639,15.7973,1.3140,4.3842,12.5867,14.2230,6.2603,25.6289,55.7443,11.7300,251.2000,1984,2.2533
592,0.6221,calculated,112.5402,,,61.1474,,,,10.4519,23.2921,10.6450,19.4035,26.9526,18.5071,180.9000,1974,4.6482
593,0.6400,reported,256.6770,257.0000,12.5000,206.5454,15.7609,1.4139,7.3348,26.8683,37.6361,20.1636,49.2919,36.7415,93.9879,401.4340,1991,7.2326
594,1.0829,calculated,203.6991,,,142.1378,,,,15.7404,47.3011,5.5869,41.3211,29.8728,24.9118,188.1000,1968,3.6246
595,0.1900,reported,50.2525,50.0000,0.7000,11.4921,11.0387,0.6039,1.4953,7.1407,16.9894,3.5030,16.0469,18.8709,19.6876,259.5000,2020,4.5500
596,0.6390,calculated,193.7399,,,134.9175,,,,22.2313,29.9170,19.5112,39.2336,25.8693,54.6315,303.2000,1900,9.4334
597,0.9785,calculated,112.7239,,,60.9398,,,,10.2681,19.4891,8.4763,27.5142,14.1627,25.6110,115.2000,1950,6.4164
598,1.0453,calculated,176.4428,,,114.8157,,,,14.0194,20.8578,8.6822,32.5700,21.9134,28.1263,168.8000,1980,4.4635
599,0.4000,reported,65.2451,65.0000,1.3000,23.6085,15.8451,0.1690,0.0000,5.6680,18.6194,5.0023,11.9779,19.2157,5.5497,164.3000,1980,3.5141
600,1.0500,reported,226.1446,226.0000,11.0000,168.7984,24.5498,2.2622,4.9121,14.5712,37.5031,8.4720,14.6618,22.6965,80.7923,215.8138,1980,8.4679
601,0.4600,reported,96.3651,96.0000,8.9000,53.1355,15.9305,0.0791,1.5975,17.0256,37.7597,6.9764,25.0947,30.0341,48.2731,211.5000,1930,7.6126
602,0.7951,calculated,159.3319,,,97.8571,,,,12.5928,31.8872,11.8882,26.1322,18.3818,23.7976,200.4000,1976,2.5115
603,3.4639,calculated,333.9162,,,271.4953,,,,30.3286,57.2706,12.1692,49.1524,33.3704,87.7048,96.4000,1920,23.7442
604,0.3900,reported,118.4400,118.0000,13.2000,77.5663,14.4483,0.8029,0.0000,14.4978,35.3379,7.2900,29.3879,27.0554,30.4755,304.7000,2021,2.5000
605,0.8200,reported,185.5795,186.0000,8.9000,129.1919,25.2538,0.1294,5.3822,17.5771,31.1634,6.9258,62.0988,16.4077,29.2743,226.4976,1969,5.5825
606,0.3100,reported,54.7893,55.0000,0.2000,9.2463,16.2795,0.0791,3.5618,7.4574,10.9107,4.0569,22.8978,14.4454,10.3559,176.4000,1987,3.3624
607,0.8501,calculated,215.0864,,,155.8449,,,,15.1877,21.8071,24.5491,42.6237,32.6636,29.5672,253.0000,1969,7.1962
608,1.0722,calculated,202.9601,0.0000,0.0000,151.0481,0.0000,0.0000,0.0000,18.9333,21.0930,8.9480,69.3360,25.0663,41.0350,189.3000,1961,10.3500
609,1.7300,reported,269.9664,270.0000,11.7000,219.6198,24.6848,0.0395,0.0000,27.6955,40.1855,38.2673,62.6704,30.4291,32.9081,156.5000,1901,11.3702
610,0.4920,calculated,146.4313,,,86.6024,,,,14.0038,32.9229,5.3076,28.2045,36.1059,29.9547,297.6000,1986,3.8252
611,0.5200,reported,89.0178,89.0000,3.1000,31.1932,24.9589,0.1690,7.0742,8.2032,13.2927,3.8296,14.9882,18.0255,13.1594,170.1000,1976,3.7764
612,0.7100,reported,151.5377,152.0000,7.7000,109.3502,16.4353,0.1294,0.0000,16.5769,33.8230,15.2602,25.2120,17.3670,36.5724,213.7000,1935,7.1887
613,0.3600,reported,143.7589,144.0000,6.8000,93.2465,14.0617,1.1187,9.7095,19.0362,19.7586,14.5315,48.0608,62.2056,25.0486,398.3000,2018,1.8373
614,0.5000,reported,48.6066,49.0000,0.2000,8.8577,13.9968,0.1294,0.0000,3.6026,9.1260,4.0315,10.5817,7.0534,2.4611,97.5000,2012,2.6858
615,0.8100,reported,171.8313,172.0000,8.2000,115.1892,24.0305,1.4139,5.5754,13.6640,27.9632,3.5486,19.7403,26.4588,60.7253,212.1906,1989,7.2047
616,0.6800,reported,129.9205,130.0000,0.8000,87.1669,16.9621,0.1690,0.0000,10.9786,20.2170,18.0811,36.8650,27.3235,19.7256,191.7000,1984,4.4264
617,0.5100,reported,155.7754,156.0000,6.4000,96.2554,25.3419,0.1690,8.3869,16.5186,31.6786,8.3495,36.9074,37.3707,19.4367,306.0000,1992,3.9110
618,1.2833,calculated,196.9882,,,136.9325,,,,14.7236,46.5874,6.3369,58.7056,19.4976,14.6695,153.5000,1954,5.1197
619,0.6621,calculated,249.7382,0.0000,0.0000,190.6781,0.0000,0.0000,0.0000,20.9894,40.2412,8.8288,62.7984,39.4602,62.7537,377.2000,1968,6.5648
620,0.6600,calculated,122.5614,0.0000,0.0000,70.6898,0.0000,0.0000,0.0000,8.8891,20.1856,7.1125,29.8406,12.4700,22.1685,185.7000,1964,3.5680
621,1.0293,calculated,223.8739,,,172.3412,,,,18.7661,46.1809,9.3122,43.1786,28.6941,41.7356,217.5000,1920,5.9052
622,1.2964,calculated,235.8219,,,185.6081,,,,18.9190,36.7662,12.0239,52.7523,30.6742,66.0901,181.9000,1959,9.2135
623,0.6622,calculated,77.8772,0.0000,0.0000,25.8055,0.0000,0.0000,0.0000,5.6339,5.2843,7.8459,12.8800,17.4416,12.4254,117.6000,1973,4.7961
624,0.6402,calculated,121.5050,0.0000,0.0000,71.9689,0.0000,0.0000,0.0000,12.5659,18.5417,14.0087,32.3517,26.3773,21.2649,189.8000,1966,4.7210
625,0.8800,reported,225.8471,226.0000,10.9000,169.3268,24.0419,0.1690,6.6873,23.1493,33.4478,9.8014,30.6816,44.7154,61.0346,257.1556,1992,9.4422
626,0.4000,reported,115.1394,115.0000,10.7000,67.7370,18.1262,0.6582,2.9957,11.1626,36.7311,11.8857,21.2164,34.5436,7.6942,289.6000,2017,0.8325
627,0.5100,reported,85.8081,86.0000,7.4000,43.0381,16.0451,0.0000,1.1023,14.2834,12.4300,8.3367,55.2138,15.4865,33.8253,166.8000,1972,14.5957
628,0.7058,calculated,122.8881,,,61.1480,,,,11.2502,23.5006,7.0428,29.6787,21.6166,21.0879,174.1000,1954,5.4100
629,1.1400,reported,168.1060,168.0000,13.0000,115.5187,26.8860,0.0791,0.0000,13.8752,19.6874,9.5481,34.0526,33.4287,21.8641,147.5000,1954,6.6458
630,0.4800,reported,95.1646,95.0000,0.0000,44.5171,15.9292,1.2202,7.8755,12.2224,20.9437,2.2429,23.5419,35.0305,15.1757,199.3000,2006,3.8991
631,0.5764,calculated,318.6238,,,260.2252,,,,31.3732,50.9470,15.8054,52.4469,73.5409,86.1727,552.8000,1985,5.1839
632,0.6422,calculated,234.6034,,,183.7574,,,,25.7218,36.7092,12.7305,45.3376,51.5030,62.9054,365.3000,1965,7.2500
633,0.4900,reported,114.2793,114.0000,0.1000,66.1923,15.4938,1.1806,5.7900,13.9292,16.0269,8.2644,35.8497,36.7488,18.5863,231.2000,1979,5.5488
634,0.4700,reported,79.5995,80.0000,15.9000,38.9816,14.9953,0.0000,0.0000,8.4788,12.4253,4.8497,24.7596,15.3537,15.4074,168.2000,1985,5.5729
635,1.1370,calculated,189.6484,0.0000,0.0000,137.7175,0.0000,0.0000,0.0000,20.2931,30.8667,16.2261,32.2226,50.6557,40.8399,166.8000,1934,8.1084
636,0.5521,calculated,155.8656,,,96.0768,,,,13.5708,19.0400,9.3916,36.1937,35.5315,26.2113,282.3000,1955,4.3908
637,0.8500,reported,127.0806,127.0000,5.0000,69.8044,23.6515,0.1294,7.8728,12.3524,11.7869,10.1340,19.3006,9.9111,21.9266,148.8000,1970,7.8037
638,1.0119,calculated,164.2368,,,113.1616,,,,16.2393,34.2953,6.3937,23.2554,21.2128,43.7436,162.3000,1920,8.5264
639,0.5400,reported,123.9991,124.0000,0.1000,82.1174,15.7500,0.5092,0.0000,14.4898,23.3195,10.3613,30.1041,34.8860,26.1438,228.0000,1980,3.3106
640,0.7100,reported,126.7072,127.0000,5.1000,69.6049,25.1812,0.1690,6.1297,14.7550,21.2991,11.3745,13.7546,21.0310,36.0242,179.4000,1975,7.2078
641,0.8800,reported,164.4021,164.0000,15.2000,105.5416,33.2377,0.0000,0.0000,15.0936,19.3658,5.0716,47.2087,26.8575,29.6431,186.6000,1942,6.6174
642,0.4600,reported,208.6871,209.0000,9.1000,147.9614,24.9780,0.1690,9.9564,25.7314,35.8057,14.3130,31.7164,58.8116,49.3884,448.9000,1986,4.3985
643,0.3100,reported,48.2609,48.0000,0.2000,5.4753,11.6250,0.6690,4.8690,4.1442,11.5275,3.1478,1.7461,12.5958,10.9350,158.1000,2025,4.5000
644,0.6378,calculated,350.7743,,,291.4294,,,,38.0493,124.1596,22.7440,64.5379,69.3432,63.7674,550.0000,1989,4.1065
645,0.8978,calculated,125.7857,,,65.9354,,,,10.2513,15.7200,3.1094,19.0969,21.5858,33.3893,140.1000,1967,8.2523
646,1.3721,calculated,244.6399,,,182.7573,,,,23.8784,28.7372,12.6767,55.0096,6.6832,46.2435,178.3000,1940,9.3959
647,0.4375,calculated,128.3991,,,77.2090,,,,16.0328,26.6368,7.7647,39.3175,57.8396,39.4910,293.5000,1948,4.1583
648,0.5400,reported,131.2148,131.0000,13.4000,82.9240,22.0626,0.6059,0.0000,16.4837,32.4948,5.5075,25.8383,22.6733,38.8479,244.3052,2018,4.5500
649,0.7400,reported,125.1280,125.0000,5.4000,70.4280,24.7184,0.1690,4.1902,12.1907,12.3085,7.1373,45.5015,12.1797,20.6348,169.5000,1970,9.1885
650,1.8145,calculated,148.7867,,,97.8505,,,,14.6152,26.0233,6.4903,30.5751,22.5326,32.1531,82.0000,1968,13.6685
651,0.6900,reported,126.6908,127.0000,5.4000,70.6966,23.4623,0.1690,6.7404,13.6541,15.8215,3.9764,35.8054,14.5789,20.7347,183.8000,1976,8.0198
652,0.7090,calculated,145.0615,0.0000,0.0000,93.4788,0.0000,0.0000,0.0000,15.1272,46.1112,9.6526,24.9905,32.0514,30.1616,204.6000,1941,4.5575
653,0.4200,reported,93.9214,94.0000,0.0000,45.3229,15.5678,0.7050,6.7032,13.8328,10.4276,3.3991,9.7940,25.6339,43.5859,223.8000,2003,7.1318
654,2.5582,calculated,178.8165,,,128.3378,,,,16.7641,40.1257,12.3924,17.5697,45.3520,20.9056,69.9000,1942,17.3438
655,0.8000,reported,170.3001,170.0000,0.1000,128.5812,15.9669,0.1294,0.0000,13.9312,18.2984,7.9403,25.9301,33.0207,28.8344,213.8000,1982,5.1025
656,0.8430,calculated,248.3495,,,186.6885,,,,19.2930,36.7991,9.5933,36.7836,27.0019,65.5176,294.6000,1989,3.8394
657,0.1400,reported,65.7538,66.0000,0.3000,24.0989,12.6407,0.4540,2.9375,9.0204,19.5585,9.8134,35.3366,41.8223,9.8372,484.3000,2025,1.0564
658,0.4800,reported,194.1969,194.0000,8.5000,135.5040,25.1941,0.1690,7.7077,23.6365,37.1971,11.7211,61.6834,40.5657,32.6121,401.1000,1992,5.9100
659,0.5400,reported,73.3986,73.0000,0.0000,24.7616,15.1714,0.7050,7.1381,9.6982,8.5300,3.6452,4.9143,26.9941,22.2234,135.9000,2008,7.2622
660,2.2400,reported,138.5610,139.0000,5.8000,90.6133,16.1636,0.1690,5.9927,16.6156,30.3112,20.6631,21.4131,33.3296,20.4497,61.8000,1967,4.4560
661,1.1402,calculated,203.2905,,,151.6638,,,,24.6743,55.2476,12.2085,34.2811,51.9778,44.4301,178.3000,1912,6.8461
662,0.3700,reported,110.1820,110.0000,4.8000,71.2855,12.5270,0.7469,0.0000,12.9595,34.0727,3.4525,21.3893,25.2805,26.1809,299.1000,2018,3.0000
663,0.7200,calculated,151.9209,,,92.7292,,,,11.1771,30.8323,4.5171,20.6054,30.4241,21.1810,211.0000,1987,4.1275
664,0.9400,reported,72.6630,73.0000,0.0000,31.1002,15.8107,0.1294,0.0000,8.0737,19.1688,8.6988,6.7105,23.1895,12.2541,77.7000,1989,9.0473
665,0.8635,calculated,164.4127,,,104.5931,,,,13.9538,18.2510,7.0580,49.6403,21.4003,25.0963,190.4000,1962,7.8068
666,0.6525,calculated,117.9694,,,66.7323,,,,10.3277,13.7029,6.7980,27.6519,16.4127,36.2743,180.8000,1981,8.8534
667,0.8100,reported,257.8180,258.0000,0.1000,178.7822,30.6505,0.6489,0.0000,28.2953,36.4229,15.3774,87.5273,57.3842,57.8224,319.2000,1956,5.9107
668,0.5200,reported,96.4289,96.0000,18.3000,51.3165,14.5080,0.7032,4.2785,10.5691,20.3670,2.8955,27.0968,25.5350,19.9520,184.6000,2012,3.4900
669,0.4259,calculated,136.9156,,,88.0444,,,,14.5904,33.8957,7.8976,28.4572,36.6756,35.7626,321.5000,1990,2.8703
670,0.5500,reported,109.7438,110.0000,1.0000,66.8263,15.5418,1.7531,0.0000,8.0023,20.9486,11.3534,33.5875,20.8304,18.5805,200.8000,1980,3.3255
671,0.2500,reported,67.4611,67.0000,1.3000,24.3200,14.0375,0.1690,3.3121,11.0633,22.9774,11.9704,32.8380,20.0004,17.7838,274.0000,2013,3.8961
672,0.9112,calculated,161.5503,,,102.2752,,,,10.5274,19.0238,4.3203,22.3584,27.6125,19.8192,177.3000,1979,8.2867
673,0.7322,calculated,135.0857,,,85.0472,,,,15.4787,15.3128,34.7175,37.1624,37.3847,18.2024,184.5000,1980,6.0094
674,0.7961,calculated,139.1649,0.0000,0.0000,77.9466,0.0000,0.0000,0.0000,11.0865,20.4257,6.6166,31.8155,24.9577,23.3074,174.8000,1964,4.5938
675,0.3828,calculated,153.8735,0.0000,0.0000,104.1015,0.0000,0.0000,0.0000,21.9347,28.0252,8.2899,46.0926,75.1571,44.5316,402.0000,1993,3.2756
676,0.3078,calculated,249.4278,,,199.6875,,,,32.0383,39.5323,44.6537,51.7229,67.6682,47.4417,810.3000,1989,2.0081
677,1.5300,calculated,167.2340,,,115.7001,,,,11.3167,22.9620,11.3548,31.2842,15.7471,33.0973,109.3000,1941,11.7734
678,0.5426,calculated,106.3435,,,56.9439,,,,10.0401,15.5153,5.1352,13.2752,21.8976,30.2669,196.0000,2003,5.9308
679,0.5400,reported,151.0072,151.0000,12.6000,94.8953,27.0035,0.1690,3.3172,17.3129,30.3381,7.9545,31.2735,32.0306,43.8599,281.5000,1997,4.1883
680,0.7707,calculated,163.6161,,,103.5715,,,,16.9510,29.1630,9.3471,27.2097,28.9158,45.5724,212.3000,1979,6.5388
681,0.6446,calculated,106.5564,,,56.7963,,,,11.0809,27.3877,7.9624,25.2206,26.3195,13.8935,165.3000,1971,4.2619
682,1.1800,reported,184.9311,185.0000,12.2000,144.2356,15.0730,0.0000,0.0000,15.0070,14.2333,11.7296,52.4216,13.3676,37.3679,157.1000,1974,13.3925
683,2.2148,calculated,320.6983,,,260.9950,,,,30.9989,54.5393,44.8716,56.8603,17.9445,48.2440,144.8000,1919,13.7737
684,0.6523,calculated,142.6643,,,81.6844,,,,13.9834,20.2190,4.7289,34.0420,20.8759,25.0055,218.7000,1997,3.1336
685,0.6900,reported,114.4689,114.0000,11.6000,67.4707,21.3360,0.0395,0.0000,10.2954,16.2975,13.1755,25.8955,18.7015,12.3131,166.0000,1975,4.2975
686,0.4300,reported,91.4283,91.0000,7.8000,47.0730,18.1176,0.6153,0.0000,9.2973,18.5118,5.2658,28.7695,12.5875,22.1895,214.8000,2025,4.5500
687,1.2009,calculated,210.2826,,,159.5590,,,,17.8844,41.0357,4.4911,63.9067,18.0983,22.5492,175.1000,1985,8.1914
688,0.5600,reported,101.5352,102.0000,0.0000,60.2974,15.4858,0.1294,0.0000,11.9141,14.3636,7.5104,33.2796,34.0234,9.0781,181.2000,1978,3.4260
689,0.4800,reported,71.7631,72.0000,0.0000,24.9809,15.8756,0.2289,5.0552,9.8743,13.0878,2.9502,5.0659,28.7508,16.0564,150.1000,1996,5.0023
690,0.5000,reported,116.3133,116.0000,0.1000,65.8153,15.3296,0.4690,9.0768,19.0422,18.6957,18.5083,26.7672,54.1344,27.8490,233.2000,1981,4.5038
691,0.6615,calculated,107.8912,,,56.6447,,,,10.2143,15.8377,2.7016,21.4989,19.6126,36.6929,163.1000,1990,8.9405
692,0.9063,calculated,172.7375,,,114.2819,,,,14.8328,38.3975,4.2627,23.5983,25.9545,41.4880,190.6000,1994,6.7000
693,0.8803,calculated,143.8377,,,91.8680,,,,15.7170,16.4761,15.3517,37.1077,24.1358,22.4129,163.4000,1967,6.9085
694,0.4700,reported,159.6325,160.0000,13.5000,103.0951,26.9405,0.1690,3.8056,15.0501,37.2443,7.3561,30.3526,38.5168,23.4857,337.7000,2004,1.9700
695,0.4206,calculated,236.4019,,,178.0401,,,,23.9893,49.9244,11.6044,36.2956,74.7994,50.9483,562.0000,1996,2.4533
696,0.5511,calculated,95.3394,0.0000,0.0000,45.3506,0.0000,0.0000,0.0000,10.6028,9.2950,2.5677,8.7701,15.5086,41.7399,173.0000,2018,10.3500
697,1.0800,reported,239.4318,239.0000,11.1000,190.3335,23.3467,0.1294,0.0000,24.2991,78.6269,29.7911,12.4200,21.5605,23.3184,220.9000,1870,7.6491
698,0.3000,reported,158.0440,158.0000,6.7000,108.4155,15.0231,0.3379,8.6451,17.2726,24.7504,8.2980,42.0713,55.6404,22.4165,529.5000,2016,2.2784
699,1.4645,calculated,182.3245,,,122.2222,,,,16.0954,8.2328,6.3778,25.9978,18.9342,58.3015,124.5000,1981,11.8392
700,0.8366,calculated,223.3829,0.0000,0.0000,171.6907,0.0000,0.0000,0.0000,24.2835,43.5782,5.1981,49.1988,35.5340,78.6040,267.0000,1968,7.2594
701,0.6135,calculated,237.2534,0.0000,0.0000,177.7584,0.0000,0.0000,0.0000,21.0343,37.3069,10.3411,23.0850,51.8130,64.0584,386.7000,1984,5.6353
702,0.5800,reported,141.3412,141.0000,6.7000,94.6504,15.7574,0.1294,5.1812,16.3733,31.8608,3.6776,29.9442,30.3893,27.1910,244.9000,1966,4.8082
703,1.1900,reported,222.1461,222.0000,4.6000,180.7253,15.7082,0.0899,0.0000,19.4113,39.1758,7.5212,31.5631,23.0131,51.9767,186.1000,1940,12.5735
704,0.4354,calculated,156.6456,,,98.6194,,,,13.6973,35.1720,0.1930,21.8466,35.4807,36.9033,359.8000,1986,4.0108
705,0.2800,reported,162.8748,163.0000,6.8000,104.8900,24.4395,0.2696,7.6533,18.6541,33.5013,6.2782,33.2865,27.7743,38.5300,579.4000,1985,4.6607
706,0.4500,reported,135.3058,135.0000,0.1000,74.9478,20.2591,1.3100,8.0947,16.8816,24.6413,10.7989,28.3923,50.6914,26.5454,297.6000,1960,3.5590
707,1.6386,calculated,158.6198,,,99.2806,,,,14.9701,14.3215,7.1537,23.6519,12.7961,39.2460,96.8000,1940,20.7320
708,0.2800,reported,93.1882,93.0000,3.4000,49.4783,13.1485,0.6487,4.2902,10.2535,25.6985,4.2600,24.2201,37.9240,11.5912,332.9000,2022,1.1800
709,0.3100,reported,82.3354,82.0000,2.3000,35.1535,15.8655,0.6223,0.0000,7.5782,23.7438,3.6744,18.0137,14.8123,17.4008,266.2000,2020,2.5000
710,0.6600,reported,84.8237,85.0000,2.0000,34.6306,15.7835,0.1690,8.6181,8.4025,12.7004,3.6495,23.4292,15.9314,5.2826,127.9000,2003,3.4279
711,0.4400,reported,77.7199,78.0000,0.0000,30.8451,15.5484,0.1690,5.5349,10.2163,23.2601,5.7032,22.4125,15.2843,12.7963,177.8000,1976,4.6010
712,0.3638,calculated,162.9151,,,111.4564,,,,20.2767,39.6030,13.9204,36.0864,58.4861,29.7313,447.8000,1989,2.2367
713,1.6265,calculated,361.0805,0.0000,0.0000,300.6982,0.0000,0.0000,0.0000,32.7899,87.7656,5.3417,63.9885,31.7926,73.0290,222.0000,1919,9.1729
714,0.4900,reported,106.5036,107.0000,7.9000,41.3260,34.2414,0.5749,4.7387,12.4782,12.1869,6.0201,24.4729,43.3508,29.7193,215.4000,1985,5.4152
715,0.4000,reported,117.0969,117.0000,11.1000,73.4828,14.6587,0.7117,2.6213,11.4398,38.7506,7.4014,29.5477,23.6591,15.0470,292.0000,2024,1.0401
716,1.0446,calculated,210.5970,,,149.1566,,,,18.9460,23.0580,13.9159,33.7680,19.4147,56.3443,201.6000,1961,10.1525
717,0.6200,reported,145.5860,146.0000,12.9000,90.6333,25.5152,0.1989,3.6162,17.0972,16.3651,27.1679,28.2605,36.8709,17.2993,235.0000,1994,3.5971
718,2.4582,calculated,448.6128,,,388.5880,,,,42.1623,94.3157,30.1257,71.1717,29.9048,110.1269,182.5000,1900,24.7137
719,1.0839,calculated,166.3777,,,107.0572,,,,13.0163,19.8473,7.2092,26.6613,24.1426,34.9737,153.5000,1970,9.4369
720,0.9100,reported,121.9627,122.0000,0.1000,80.3295,15.8812,0.1294,0.0000,16.0791,26.6775,2.4982,22.7696,20.9136,41.5024,134.3000,1967,9.5051
721,0.4600,reported,103.9670,104.0000,0.1000,56.8320,15.9602,1.1411,4.4110,14.8087,18.0581,11.1090,34.2151,29.5955,25.6969,227.6000,1979,5.1335
722,0.5000,reported,108.0324,108.0000,0.1000,61.0745,15.9586,1.1806,4.1961,13.3837,13.6250,6.0252,33.6410,26.0588,27.4537,218.0000,1986,6.2939
723,0.4100,reported,61.7042,62.0000,0.0000,15.0532,15.7431,0.7056,4.5797,5.5595,6.0875,4.8180,15.2432,15.5016,9.2484,149.0000,2007,3.1805
724,0.4200,reported,87.9288,88.0000,9.2000,43.6585,17.8937,0.7541,0.0000,9.3718,20.3395,3.4681,12.1909,16.3972,30.4744,208.9000,2024,4.5500
725,0.5707,calculated,175.2705,,,115.2414,,,,13.9648,34.3518,6.5553,27.4672,29.9691,30.4991,307.1000,1987,3.0178
726,0.5700,reported,167.8398,168.0000,8.0000,103.5756,25.3254,0.8069,12.5092,17.4917,29.8333,10.8235,29.0062,58.0139,23.6292,293.1000,1996,2.7447
727,0.4400,reported,148.1530,148.0000,6.0000,96.9553,15.4470,0.1690,9.9593,16.9289,24.1369,4.0879,20.1530,43.4706,43.3015,340.0000,2002,4.4757
728,0.4096,calculated,147.8938,,,89.2906,,,,16.3611,29.8089,6.5654,28.1770,38.0387,37.3199,361.1000,1989,4.4849
729,0.6400,reported,286.3395,286.0000,26.1000,246.1757,14.5013,0.0395,0.0000,34.2071,46.1483,16.7287,63.6135,53.9627,85.6301,444.8000,1850,8.0827
730,0.2300,reported,80.8140,81.0000,2.7000,39.6922,10.5734,0.9548,3.9711,8.3017,18.4456,4.4506,13.3331,39.7679,12.7722,351.2000,2021,1.7900
731,0.4400,reported,163.9961,164.0000,6.8000,101.8438,26.1630,0.2696,10.0974,20.4563,31.8136,4.6908,25.3547,45.0837,53.0049,375.2000,1984,5.8903
732,1.0359,calculated,234.6254,,,185.1045,,,,23.2683,32.1380,10.0299,39.2514,32.8521,87.3586,226.5000,1820,11.6904
733,0.2000,reported,55.1531,55.0000,1.0000,15.2269,11.5425,0.4852,2.2759,10.5604,20.1854,3.3399,14.7813,16.4010,27.4044,279.2000,2022,4.5500
734,0.6100,reported,68.4363,68.0000,0.0000,26.2630,15.3701,1.1806,0.0000,8.1558,5.0796,4.7320,9.7027,15.8034,21.9500,111.4000,1973,9.8930
735,0.7066,calculated,109.8092,,,50.0107,,,,8.5448,17.7760,4.4812,20.6543,19.3662,15.7896,155.4000,1978,5.0900
736,0.6044,calculated,92.4204,,,32.6867,,,,6.6292,10.9230,2.6815,13.8318,18.2326,17.7308,152.9000,1993,4.8091
737,0.8200,reported,260.2787,260.0000,11.6000,216.3966,18.0911,0.1690,0.0000,32.5317,88.5572,15.0578,40.6996,41.9020,67.6374,319.0000,1888,10.2292
738,0.5100,reported,145.2509,145.0000,6.0000,89.3528,23.9232,0.1690,6.1836,16.0472,21.9613,14.7865,16.8027,29.0640,37.1149,285.2000,2002,4.7937
739,0.4100,reported,244.5467,245.0000,0.1000,183.8564,17.8502,0.7041,16.5134,47.0175,38.1464,9.9678,14.4582,115.5799,136.8263,593.1000,1993,5.4001
740,0.4300,reported,83.5795,77.0000,7.5000,45.1146,12.1244,0.7180,0.0000,9.7980,17.7268,5.2093,27.8188,21.4228,21.5407,194.7000,2021,4.5500
741,0.2400,reported,65.8727,66.0000,13.5000,20.0119,13.5122,0.7943,5.9316,10.5400,21.4760,3.7436,20.8305,25.7687,20.7522,269.1000,2021,2.9500
742,0.8561,calculated,160.3390,,,100.5887,,,,14.1033,19.9633,8.6232,24.7669,20.4271,23.2958,187.3000,1965,6.4799
743,0.5800,reported,108.7576,109.0000,0.4000,61.7182,16.0709,0.6989,4.6469,11.5920,15.5436,5.9162,24.9912,33.0821,25.1495,188.3000,1994,3.4575
744,0.8315,calculated,143.6808,,,92.4259,,,,10.3029,13.7700,10.0758,37.8790,19.1088,21.9941,172.8000,1980,5.2300
745,0.7500,reported,144.7815,145.0000,8.7000,100.3534,18.7153,0.0899,0.0000,10.9908,12.9958,10.6414,24.4638,43.7509,29.7931,193.1000,1974,4.3018
746,0.4878,calculated,191.0673,,,131.8062,,,,19.1493,49.1875,8.0419,35.5534,44.9119,42.8504,391.7000,1981,4.3869
747,0.7000,reported,152.0502,152.0000,0.1000,108.8746,17.4631,0.0899,0.0000,19.9000,26.1561,10.9944,38.1960,18.1546,56.9640,216.2000,1900,13.6759
748,0.9673,calculated,286.5021,,,214.3681,,,,22.5921,53.0600,7.3463,57.8455,29.5652,74.0317,296.2000,1920,9.1812
749,0.4562,calculated,248.2200,,,188.6103,,,,23.2747,42.6513,8.8595,38.4697,60.4352,52.1799,544.1000,1989,3.4000
750,0.7200,reported,173.0614,173.0000,6.6000,122.5493,16.9374,0.1690,7.7834,23.8794,40.9639,12.7741,22.6034,23.3555,52.3294,242.0000,2000,30.2866
751,0.4478,calculated,135.5810,,,77.0153,,,,14.5625,28.8462,5.9902,18.8880,37.1099,29.9564,302.8000,1992,3.0181
752,0.6300,reported,96.1431,96.0000,0.0000,50.9317,15.9409,1.1806,2.4673,15.2771,15.6930,4.6055,32.5396,18.6522,42.9526,152.9000,1974,12.0939
753,0.4700,reported,84.4949,84.0000,0.0000,42.0432,16.1616,0.6676,0.0000,9.1850,20.9113,2.6626,15.8738,19.6653,19.9265,180.8000,1970,4.1451
754,0.6100,reported,119.0433,119.0000,0.1000,69.6312,15.9028,0.1294,7.7573,16.8878,15.6216,4.5579,47.1144,62.1113,13.3686,195.7000,1973,4.6377
755,0.9014,calculated,192.8931,,,131.1047,,,,18.6645,39.7236,13.6288,60.9675,26.4179,28.5772,214.0000,1966,3.8803
756,0.7600,reported,134.0305,134.0000,5.8000,78.7792,24.8886,0.1690,4.5714,10.4212,15.5305,5.1164,25.0128,20.7770,19.8233,175.7000,1979,7.2527
757,0.6176,calculated,120.1219,,,60.9833,,,,9.7017,12.5676,8.3952,28.3069,18.4760,19.0665,194.5000,1985,3.8112
758,0.8500,reported,132.2264,132.0000,5.8000,76.3036,24.4677,1.1311,4.7016,10.0635,10.8752,2.9468,5.7500,18.6395,56.3594,156.1000,1974,10.7550
759,1.3596,calculated,233.2991,,,172.0086,,,,23.1528,93.2747,18.0062,52.4867,21.1719,25.9454,171.6000,1937,6.0100
760,0.9526,calculated,211.9586,,,150.3585,,,,16.5338,29.9197,19.0640,39.8313,29.6219,29.4371,222.5000,1977,2.3762
761,0.4100,reported,93.3134,93.0000,9.4000,48.4568,18.6300,0.6041,0.0000,9.1124,31.3913,4.1318,19.5641,16.2709,17.6812,228.7000,2022,2.5000
762,0.7100,reported,94.6107,95.0000,0.0000,53.0601,15.7590,0.1690,0.0000,12.3617,11.6607,3.6399,13.8054,26.1128,35.2122,133.5000,1994,8.5874
763,0.5400,reported,95.0695,95.0000,0.0000,52.7952,15.4711,1.1806,0.0000,11.1652,13.2931,5.1943,31.8758,26.4653,14.5966,175.1000,2006,2.6260
764,0.6313,calculated,112.9393,,,61.7968,,,,10.2989,26.3258,9.8789,22.3086,29.8967,18.8300,178.9000,1987,3.1834
765,0.8293,calculated,171.9055,,,102.2035,,,,12.8853,29.6754,7.4646,39.9561,18.7756,26.7834,207.3000,1979,2.3200
766,0.2800,reported,68.6566,69.0000,2.4000,25.7756,16.4054,0.8531,0.0000,6.6982,11.9690,3.9976,20.7815,14.3926,11.5335,245.5000,2020,2.5000
767,0.4041,calculated,80.1297,,,29.3213,,,,10.3757,14.7434,6.5652,23.7614,33.0335,20.9781,198.3000,1984,2.7535
768,0.6600,reported,127.2535,127.0000,12.7000,82.9018,17.9918,0.7372,0.0000,11.8195,11.2409,5.4084,39.0753,15.3662,26.5634,191.7000,1962,4.8411
769,0.7668,calculated,172.3666,,,121.2109,,,,14.4434,36.1444,6.0897,43.8462,30.5397,24.9003,224.8000,1907,3.9087
770,0.6700,reported,57.2761,57.0000,11.4000,14.4267,15.0254,0.1294,2.0720,8.4256,20.7870,4.9461,12.6445,8.7223,11.6522,85.8000,1988,9.3944
771,0.6600,reported,112.8553,113.0000,0.1000,70.1925,16.4120,0.6283,0.0000,12.1950,17.3037,9.4191,50.1871,22.1645,12.2640,170.8000,1960,3.0676
772,1.2633,calculated,191.0148,,,140.2638,,,,12.2412,24.4157,13.4514,63.5531,23.0285,28.4388,151.2000,1979,7.0856
773,0.6353,calculated,125.5353,,,66.5140,,,,9.3964,15.7739,9.2187,29.4010,16.4637,18.6924,197.6000,1988,3.0318
774,0.4000,reported,196.1474,196.0000,8.6000,137.0430,24.8326,0.2696,8.3799,23.5917,39.8824,14.2565,31.7054,56.8976,43.0524,490.8000,2010,3.5011
775,1.7400,reported,361.8670,362.0000,8.1000,320.0510,16.0639,0.1294,0.0000,24.2837,50.6296,10.1596,54.8515,21.8225,53.6325,208.4000,1923,8.8109
776,0.5500,reported,166.5189,167.0000,0.1000,107.4594,19.9492,0.1690,8.2471,25.1489,46.4324,11.7320,49.5861,38.2244,43.7222,303.9000,1927,7.7757
777,0.3941,calculated,242.5941,,,182.6528,,,,30.5818,48.6879,13.3129,66.3654,72.3079,57.4193,615.5000,1989,3.8688
778,0.3900,reported,105.0720,105.0000,15.7000,40.3467,33.3641,0.7825,4.9561,12.2411,28.3860,6.3701,40.7725,24.8733,16.5545,270.0000,2006,2.1016
779,0.5188,calculated,175.1036,,,124.7658,,,,17.4645,46.1039,7.1158,47.2744,52.7346,29.0354,337.5000,1975,5.2894
780,0.6600,reported,99.9041,100.0000,10.6000,48.1665,26.0754,0.0395,0.0000,9.2883,12.0882,4.3890,12.5348,17.1467,29.2522,151.4000,1979,7.8464
781,0.4200,reported,133.4299,133.0000,5.1000,71.1691,23.3379,0.1690,13.1314,15.0939,15.2058,16.0780,31.5777,21.5113,15.9874,317.2000,1968,6.5974
782,1.6274,calculated,186.0076,,,125.7978,,,,14.5753,26.0518,5.6898,46.7290,16.2707,29.3351,114.3000,1915,14.5298
783,0.5000,reported,118.8214,119.0000,4.9000,72.8855,15.6440,0.2696,4.3999,13.9490,24.1963,5.8465,20.1516,26.4301,32.1434,235.6000,2001,5.4539
784,0.6112,calculated,173.0872,,,122.4234,,,,17.4559,26.1191,12.0136,58.5702,48.7509,27.1236,283.2000,1975,4.3389
785,0.8700,reported,238.7371,239.0000,0.1000,134.0309,41.5344,1.7833,0.0000,27.0449,44.0421,10.5764,25.7586,60.8321,86.4675,273.0000,1948,11.3500
786,0.4159,calculated,120.4427,0.0000,0.0000,68.5476,0.0000,0.0000,0.0000,18.7766,29.5884,6.9762,28.3664,48.1273,42.6935,289.6000,1984,5.8242
787,0.6000,reported,110.1407,110.0000,0.1000,67.1268,16.3006,1.0907,0.0000,15.5307,22.6521,9.1643,22.8430,28.8349,27.8458,183.2000,1972,5.6980
788,0.6200,reported,233.6934,234.0000,0.1000,140.3066,28.0875,0.3883,18.8697,42.2589,57.1217,50.6692,13.4465,70.0649,63.1068,379.2000,1910,7.0290
789,1.0934,calculated,197.4602,,,136.0086,,,,18.6809,37.0079,4.8039,53.5513,27.6817,37.2101,180.6000,1911,6.1100
790,0.8466,calculated,136.0414,,,76.8045,,,,10.5378,10.7124,10.3720,12.3090,20.8054,28.8312,160.7000,1970,8.6536
791,0.7900,reported,47.4136,47.0000,9.7000,2.7319,14.7896,0.7357,3.5337,3.2867,7.1908,2.9192,4.9175,9.3229,5.0565,59.9000,2019,3.5700
792,0.8863,calculated,166.7065,,,105.6538,,,,14.1268,22.2134,6.5214,33.7219,30.7230,23.9416,188.1000,1979,3.6359
793,0.8900,reported,161.8628,162.0000,7.4000,110.1216,26.0793,0.0395,0.0000,12.5671,19.0914,9.4226,50.2603,12.5749,17.4310,182.5000,1958,5.8765
794,0.5651,calculated,163.8280,,,103.9377,,,,13.9905,32.8089,7.5178,36.4438,32.6627,28.0981,289.9000,1981,3.4172
795,1.0300,reported,209.8322,210.0000,0.1000,164.4171,15.9486,1.2106,2.6334,19.8628,25.9076,16.2896,33.0733,25.6748,51.6238,204.6000,1976,6.2555
796,0.5100,reported,101.3464,101.0000,4.0000,46.0067,25.5804,0.2696,3.8671,9.4287,19.3502,2.5405,12.6610,12.6666,26.4444,198.2000,1977,5.1578
797,0.4300,reported,106.8531,107.0000,4.4000,51.8501,23.5479,0.1690,5.6636,11.0367,11.9606,5.8944,27.6146,21.1619,21.1251,247.5000,2000,4.5476
798,0.4721,calculated,113.4557,0.0000,0.0000,63.6172,0.0000,0.0000,0.0000,12.3164,25.8862,6.1007,26.7202,28.3473,23.2201,240.3000,2009,3.2568
799,0.3962,calculated,101.7806,,,51.7361,,,,11.2806,23.7611,3.0174,15.3052,35.0890,29.0623,256.9000,1992,7.2991
800,0.8344,calculated,242.4900,,,183.1381,,,,26.0519,45.5614,14.0345,48.7558,54.8470,65.1503,290.6000,1960,10.9562
801,0.9500,reported,330.0759,330.0000,0.1000,231.3001,36.8699,0.5177,0.0000,44.0972,39.3987,19.5052,69.9850,57.3537,122.2826,348.7000,1928,16.5000
802,0.5900,reported,125.6970,126.0000,4.8000,76.9589,16.6187,0.5469,5.9501,12.3775,18.0221,4.4902,15.9914,16.0525,39.4077,214.0000,1991,6.1047
803,0.6900,reported,193.8358,194.0000,14.8000,141.8454,26.1597,0.2085,0.0000,18.7827,28.6664,13.7206,26.6969,42.9586,44.4667,281.2000,1991,5.2684
804,0.4670,calculated,94.9464,0.0000,0.0000,45.4154,0.0000,0.0000,0.0000,8.1659,16.3739,3.8580,23.5543,16.5235,17.7200,203.3000,1977,3.3857
805,0.6900,reported,190.4175,190.0000,14.7000,133.8451,27.0792,0.7117,3.1593,16.8778,26.7841,21.2481,9.4397,27.7288,36.6048,275.5000,2003,4.7073
806,1.0249,calculated,153.7310,0.0000,0.0000,94.3856,0.0000,0.0000,0.0000,11.7264,19.6700,7.1318,10.8824,18.0553,40.9011,150.0000,1983,8.2022
807,1.1700,reported,358.6365,359.0000,16.7000,301.0840,24.7251,0.0899,7.1155,44.5477,80.3663,9.1030,66.7910,58.6763,116.1004,306.4000,1912,11.5099
808,0.6400,reported,116.2570,116.0000,11.7000,56.3866,34.0788,0.1690,0.0000,7.6461,12.3175,5.0592,24.3464,21.4697,12.6841,180.7000,1973,4.7845
809,0.4100,reported,78.6066,79.0000,0.0000,30.4949,15.9414,0.7052,5.8425,11.3089,12.9626,10.7218,36.4141,28.8498,12.1549,190.8000,1963,3.2210
810,0.7293,calculated,176.5547,,,117.5867,,,,13.3399,17.4091,11.1128,40.5005,22.2916,23.5896,242.1000,1957,5.0282
811,0.7782,calculated,135.5654,,,83.7471,,,,9.7147,25.8407,12.4001,48.6462,20.2374,18.7663,174.2000,1980,3.4779
812,1.5609,calculated,234.7586,,,183.2502,,,,20.8383,40.2598,18.1456,17.4278,29.6960,70.3056,150.4000,1930,11.9250
813,1.0000,reported,186.7054,187.0000,7.8000,142.6771,17.2645,1.1411,0.0000,18.0599,17.5412,22.5147,49.1220,34.0534,29.0479,186.1000,1968,5.7207
814,0.5200,reported,98.2033,98.0000,3.0000,50.2331,17.0760,0.0791,5.1927,10.6061,18.3057,9.2379,25.0807,22.1316,9.9706,190.3000,1976,3.9300
815,0.1900,reported,59.0269,59.0000,0.5000,11.8065,13.3238,0.8845,7.3896,11.6981,21.0419,3.2577,16.5129,24.3036,30.2598,303.6000,2025,4.5500
816,1.3554,calculated,219.1715,,,167.8400,,,,26.4380,51.5858,11.2703,40.0674,35.7337,80.2511,161.7000,1860,15.5527
817,0.7800,reported,199.7004,200.0000,0.1000,155.7743,17.6343,0.6693,0.0000,22.1033,22.2701,12.7075,85.5021,73.8405,27.5367,255.8000,2001,3.2638
818,0.6659,calculated,137.1664,,,78.3446,,,,12.3171,17.5581,13.8739,33.0809,17.8636,25.0084,206.0000,1978,7.6624
819,0.8408,calculated,142.8451,0.0000,0.0000,83.5572,0.0000,0.0000,0.0000,11.2343,9.4690,4.7964,7.6967,21.5511,48.6432,169.9000,1995,10.3495
820,0.2400,reported,74.0857,74.0000,12.0000,29.6681,15.5439,1.1885,2.0626,14.5709,27.8170,12.8532,47.8068,29.5549,18.0672,311.1000,2012,1.1169
821,0.6400,reported,148.0621,148.0000,11.0000,104.4216,15.4945,0.1989,2.3243,18.6055,24.3005,13.3872,27.9667,16.2494,70.9179,232.1000,1950,8.1642
822,0.7800,reported,114.0534,114.0000,5.4000,62.7435,24.5564,1.1311,0.0000,8.1092,9.4134,4.4546,11.6107,16.7808,41.1577,145.4397,1963,9.4484
823,0.6500,reported,119.0997,119.0000,3.8000,72.8625,16.3015,0.0791,4.2341,12.3420,22.4160,11.3667,28.7779,35.0689,12.4439,182.7000,1971,2.9106
824,0.8703,calculated,134.3743,,,75.2508,,,,10.0789,18.2377,3.1918,13.3333,21.9119,30.9208,154.4000,1989,7.3587
825,0.6989,calculated,218.0608,0.0000,0.0000,159.0419,0.0000,0.0000,0.0000,19.4740,36.0317,6.9184,30.0081,38.6614,46.7920,312.0000,1992,5.7361
826,0.6738,calculated,201.9357,,,141.9892,,,,19.0110,38.9597,6.7442,27.9492,45.3062,29.8797,299.7000,1990,3.7465
827,0.4100,reported,129.2427,129.0000,0.1000,80.8036,15.8625,0.7057,6.2484,14.3631,31.0444,6.4828,31.8086,20.9280,25.7985,313.5000,1999,3.1315
828,0.7500,reported,77.6588,78.0000,2.8000,23.3520,23.3539,0.2085,5.1219,7.6809,8.1784,4.3595,5.7229,18.6869,18.5552,104.1000,1987,6.6595
829,1.0800,reported,210.5874,211.0000,8.9000,168.9727,15.9133,0.0791,0.0000,18.9932,17.8243,12.5675,108.3458,27.1056,20.6911,194.5000,1958,6.9247
830,0.7000,reported,162.4972,162.0000,13.2000,109.0243,27.7714,0.0791,0.0000,18.3468,42.9392,11.9816,31.2411,32.3788,41.7446,231.2000,1980,4.7143
831,1.5504,calculated,306.8281,,,245.3892,,,,23.1524,84.9017,22.5507,62.4628,33.4240,23.7715,197.9000,1968,2.6987
832,1.1300,reported,169.7627,170.0000,15.8000,110.9022,33.2377,0.0000,0.0000,15.6200,15.2609,4.8031,39.8698,22.8958,43.0232,149.9000,1954,12.6840
833,0.8100,reported,213.1525,213.0000,7.7000,149.2499,19.8184,0.3379,13.0519,33.3016,29.0482,18.2996,69.8697,72.3919,48.9844,262.0000,1962,7.8702
834,0.9800,reported,328.8126,329.0000,14.6000,275.5896,22.3496,0.1798,0.0000,55.3781,26.7746,74.8178,56.5780,53.8885,69.5466,335.4000,1936,6.5346
835,0.7129,calculated,192.8325,0.0000,0.0000,132.8184,0.0000,0.0000,0.0000,16.5480,37.3035,6.5289,23.3850,29.9943,43.2843,270.5000,1997,4.5500
836,0.5249,calculated,113.1665,,,61.4648,,,,10.1125,18.9133,8.3700,34.5230,18.1767,19.0552,215.6000,1990,2.5929
837,0.9200,reported,161.7892,162.0000,0.6000,118.6334,16.8197,0.7136,0.0000,15.2076,17.6381,8.6811,66.7325,22.5298,31.6285,176.8000,1979,5.8164
838,0.3000,reported,78.8361,79.0000,0.4000,29.3824,16.6736,0.1186,7.0389,15.8300,41.5074,19.7132,21.1567,45.1844,25.9457,264.7000,1977,7.4368
839,0.6500,reported,101.5709,102.0000,3.2000,56.5311,14.5859,0.1690,4.6624,11.3442,12.7786,8.1612,32.7091,25.7425,12.2285,156.7000,1958,4.5500
840,0.4600,reported,113.3095,113.0000,0.1000,67.1112,16.1786,1.1411,3.2561,15.7717,26.1555,10.2613,35.3504,29.4896,23.1085,245.7000,1978,3.7076
841,0.3300,reported,82.7878,83.0000,2.8000,40.5785,11.5185,0.5801,4.4881,8.2698,14.6526,5.1668,22.1056,29.1559,9.2999,249.9000,2022,1.2800
842,0.4174,calculated,188.6858,,,138.9272,,,,21.9425,52.0844,8.9484,28.0594,52.4812,42.7907,452.1000,2002,2.8841
843,0.3900,reported,66.4427,66.0000,0.0000,20.1183,15.8080,0.1690,4.7248,8.8417,11.3928,10.9181,10.7969,16.7099,12.3789,168.7000,1972,5.4553
844,0.5200,reported,138.9660,139.0000,5.6000,86.9548,16.1444,0.1690,10.0754,16.9566,26.2134,3.5568,37.3190,45.1730,27.8873,268.5000,1960,4.5072
845,1.1385,calculated,181.5934,,,129.4660,,,,13.9492,31.8051,9.2903,38.0561,23.0131,24.0771,159.5000,1954,3.5416
846,0.6700,reported,142.4305,142.0000,6.8000,88.1700,24.0072,0.2403,4.3906,13.0130,27.2038,5.4487,27.8390,13.9951,31.4255,213.9093,2002,5.5664
847,0.5000,reported,155.4404,155.0000,13.5000,115.6058,13.6027,0.6096,0.0000,19.0212,36.9482,6.3952,39.4778,27.3282,46.8315,308.1000,2018,4.5500
848,1.0502,calculated,217.0831,,,165.7734,,,,22.1676,17.8639,9.8639,43.8100,45.9273,70.2058,206.7000,1900,11.9287
849,1.2613,calculated,192.3425,,,132.6265,,,,18.6475,42.6974,6.0286,42.1092,19.4325,38.9062,152.5000,1948,11.1096
850,0.5600,reported,122.2753,122.0000,0.1000,79.2986,16.2131,1.1411,0.0000,16.8598,32.1370,6.0709,12.5308,29.0279,40.8460,216.9000,1920,7.4590
851,0.6100,reported,175.8548,176.0000,13.9000,117.6343,27.8891,0.1690,4.5401,19.6446,21.5561,14.1568,40.9795,78.7878,25.3496,289.2000,1993,3.7071
852,0.8116,calculated,150.1378,,,89.5811,,,,14.3078,24.8959,6.6874,41.4531,22.2296,22.8540,185.0000,1981,4.4873
853,0.6000,reported,116.8071,117.0000,9.1000,64.9807,26.0350,0.1690,0.0000,10.7779,25.2956,3.6491,24.2962,26.9871,16.1691,195.6000,1995,3.3096
854,0.7777,calculated,407.1282,,,347.0817,,,,36.2496,128.2246,12.0591,72.2839,59.8330,52.4190,523.5000,1926,2.2312
855,0.3000,reported,104.8090,105.0000,0.3000,64.0464,15.0609,0.0791,0.0000,10.7048,25.8455,9.5387,22.3495,42.6263,21.2168,345.9000,1996,3.8084
856,0.7100,reported,153.2211,153.0000,6.8000,97.7565,24.0787,0.1690,5.5945,16.3100,22.9821,3.3900,32.9816,33.4375,34.6221,216.5000,2001,7.3800
857,0.9769,calculated,182.0980,,,129.9134,,,,14.1759,22.8569,9.0223,45.4103,20.6193,32.9253,186.4000,1960,5.4328
858,0.7558,calculated,137.8592,0.0000,0.0000,88.1051,0.0000,0.0000,0.0000,12.8843,19.7208,8.1084,26.5641,31.6654,29.7704,182.4000,1958,6.7348
859,1.0138,calculated,196.0730,,,145.0350,,,,14.8625,21.6252,9.7041,64.4040,8.3777,26.8426,193.4000,1974,6.0824
860,0.8000,reported,118.9922,119.0000,4.7000,62.7874,24.6738,0.0395,5.8691,10.9195,15.3037,7.9818,14.4487,14.4886,19.7212,148.2000,1970,8.7142
861,0.2379,calculated,99.1090,,,50.4211,,,,27.0610,45.0733,16.1469,30.4073,56.5995,61.5926,416.6000,1989,5.3402
862,0.6000,reported,137.9259,138.0000,5.6000,81.9709,24.0234,0.3931,5.9162,12.8980,29.9330,6.3814,26.1307,24.9323,22.2304,231.0000,2002,3.7754
863,0.8745,calculated,118.1473,,,57.8960,,,,9.7500,12.2513,4.6222,15.6298,16.0868,30.7648,135.1000,1972,6.0244
864,0.7859,calculated,162.4370,,,100.8172,,,,11.8028,22.6584,9.4988,34.4118,23.2627,23.2554,206.7000,1976,2.3052
865,0.8414,calculated,151.7013,,,90.0857,,,,10.6437,23.4219,11.2725,35.4808,16.3646,23.8151,180.3000,1962,3.0543
866,0.8000,reported,139.7957,140.0000,10.6000,98.6782,15.4948,0.0000,0.0000,12.3707,12.4475,14.0934,50.0323,14.8107,19.1591,175.4000,1967,5.5469
867,0.5200,reported,114.4710,114.0000,5.1000,66.9560,16.7475,0.7898,4.3549,10.2826,16.3287,7.5943,16.6820,16.7655,13.8541,219.0000,2005,2.9259
868,0.4534,calculated,149.9057,0.0000,0.0000,90.6740,0.0000,0.0000,0.0000,13.1676,29.4483,6.0427,31.6583,34.2093,30.3760,330.6000,2008,2.4474
869,0.4369,calculated,143.5329,,,92.0408,,,,15.2058,24.5429,12.9812,35.8703,29.7272,37.8509,328.5000,1993,3.6213
870,0.7000,reported,121.3121,121.0000,0.1000,78.6524,16.3680,0.6691,0.0000,14.4498,23.4738,6.8430,36.1509,40.2403,21.4756,173.6000,2007,2.6035
871,0.7173,calculated,118.4239,,,66.1863,,,,9.9594,15.2633,10.4547,31.8840,26.5776,20.8637,165.1000,1985,2.9760
872,0.5229,calculated,183.1802,,,123.2004,,,,17.5994,40.9723,13.2290,24.7471,38.4308,33.2913,350.3000,1949,2.7957
873,0.6181,calculated,143.9551,,,83.2409,,,,12.1227,27.9745,8.2092,24.7184,22.6409,27.3745,232.9000,1992,3.7066
874,0.4700,reported,87.9525,88.0000,0.0000,41.9251,15.7442,0.1690,4.4918,12.2095,14.8781,9.1426,32.1832,27.5965,14.7364,189.0000,1973,5.1755
875,0.8000,reported,134.9816,135.0000,5.6000,88.8488,16.2427,0.1798,4.0878,15.1396,22.6797,4.3321,31.5421,14.7517,38.5119,168.1000,1986,5.8553
876,0.6654,calculated,207.4192,,,146.7359,,,,16.7751,30.8448,9.9061,28.2889,49.6770,35.4302,311.7000,2003,3.4553
877,0.4700,reported,91.2530,91.0000,1.2000,39.9638,14.7655,0.1690,10.7321,17.0567,21.0959,11.5614,26.0013,46.6283,18.8433,196.0000,2016,5.5801
878,0.3100,reported,55.3893,55.0000,11.3000,12.4668,14.2590,0.0395,3.0014,7.8219,11.8369,5.8892,24.7428,15.3639,8.0334,179.7000,1988,2.8978
879,0.5348,calculated,153.9275,,,103.7269,,,,14.7689,39.1191,9.0832,34.1947,54.1500,19.7597,287.8000,1968,4.3202
880,1.1243,calculated,205.1903,,,153.1194,,,,19.1983,54.6391,13.7828,25.4318,16.3473,54.0104,182.5000,1950,7.2337
881,1.0700,reported,178.4207,178.0000,7.8000,123.1935,25.8144,0.2193,3.5712,20.3309,54.8577,3.7275,27.6770,15.9334,50.5657,167.5000,1920,15.0474
882,0.7500,reported,157.4126,157.0000,6.9000,106.3342,25.1925,0.2636,0.0000,13.9109,29.7243,13.0476,16.8819,29.5127,20.3304,211.0000,1996,7.1867
883,0.4500,reported,129.0235,129.0000,3.0000,83.7020,16.9357,0.2085,2.5548,13.9237,15.0403,6.0173,31.2250,58.2895,27.7145,286.4000,1981,7.8281
884,0.6600,reported,136.9274,137.0000,27.3000,95.5032,15.0639,0.7377,0.0000,14.0416,12.2611,8.7292,64.1129,19.8072,25.8175,207.4000,1990,5.1584
885,0.8926,calculated,266.0753,,,203.6689,,,,23.5914,40.4043,8.3464,54.8386,42.6376,45.2283,298.1000,1987,4.2356
886,1.0300,reported,167.5077,168.0000,0.1000,124.3026,16.4020,1.1806,0.0000,23.4704,17.9591,9.9122,28.9038,92.1683,37.0992,163.3000,1960,11.0144
887,0.6300,reported,135.2867,135.0000,5.7000,85.5799,23.9155,0.1690,0.0000,14.1488,35.6817,15.5446,14.6207,34.4815,19.0083,215.2000,1986,7.6060
888,0.4700,reported,95.2112,95.0000,3.6000,40.2433,23.5706,0.1690,5.6058,8.3189,9.0950,4.5607,26.6963,17.7513,7.7734,202.3000,2003,4.3408
889,0.3900,reported,72.4782,72.0000,2.8000,33.5418,12.6059,0.7080,0.0000,7.4038,17.4750,2.4911,11.7921,11.4291,19.5278,184.3000,2019,3.7400
890,0.6100,reported,143.6905,144.0000,6.3000,89.4226,24.3710,0.1989,4.0756,15.3301,33.4225,5.4966,19.0027,24.2757,43.3095,235.1000,1982,6.5716
891,0.3900,reported,101.2032,101.0000,0.1000,57.9759,16.4242,1.1806,0.0000,12.0556,12.8658,11.9267,30.1632,25.8154,17.1648,256.4000,1978,4.7219
892,0.5958,calculated,191.0040,,,140.5294,,,,20.6940,23.9428,13.7003,81.0632,43.7739,36.0929,320.6000,1979,5.5595
893,0.4200,reported,174.8608,175.0000,0.1000,120.6432,17.7853,0.6654,10.1444,24.8444,21.8951,8.2793,39.7894,61.5247,61.4269,418.0000,1953,4.7578
894,0.4300,reported,54.2039,54.0000,1.6000,17.2465,10.5734,0.7615,0.0000,4.4855,9.2562,3.1548,4.5184,12.5632,9.7946,125.1000,2024,3.4400
895,0.6752,calculated,121.7997,0.0000,0.0000,71.7230,0.0000,0.0000,0.0000,13.7974,13.3367,6.0166,25.8518,24.2769,45.7828,180.4000,1987,9.5078
896,0.3700,reported,100.5076,101.0000,7.7000,56.0596,15.4969,0.2085,3.1200,13.3142,19.4119,5.9463,45.9386,31.0136,23.5698,270.2000,1970,3.1420
897,1.8245,calculated,313.2638,,,254.1672,,,,28.0194,85.9523,26.3418,41.3286,12.7891,43.6556,171.7000,1956,8.9430
898,0.7233,calculated,223.0706,0.0000,0.0000,162.9948,0.0000,0.0000,0.0000,19.5110,34.0328,6.2589,40.7754,37.6389,45.6648,308.4000,1985,5.7088
899,0.8200,reported,143.1587,143.0000,6.8000,86.5372,24.6575,0.1294,6.2122,12.3008,25.0221,7.7040,30.7937,23.1570,17.2103,174.7506,1950,5.4104
900,0.6171,calculated,112.5558,0.0000,0.0000,60.3929,0.0000,0.0000,0.0000,9.0439,12.2579,9.8676,34.0755,17.5423,22.8353,182.4000,1996,2.2865
901,1.4000,reported,118.7025,119.0000,0.1000,77.2491,15.7014,0.1294,0.0000,16.3035,32.5549,5.4795,13.3737,14.8363,44.6967,84.9000,1934,38.9304
902,0.7747,calculated,158.5827,,,107.6751,,,,15.8220,18.1195,7.7963,48.6786,34.2379,31.6005,204.7000,1969,6.3402
903,0.8800,reported,129.9480,130.0000,5.5000,74.9596,25.0395,0.1690,4.1576,12.4747,24.9525,4.9412,18.8789,19.9142,29.7663,147.5000,1969,6.9084
904,0.5500,reported,203.4884,203.0000,9.8000,144.2062,24.6058,1.4721,7.5821,17.7350,37.5196,5.2285,30.2616,41.1994,51.8724,367.3386,1988,3.7850
905,1.0400,reported,186.4668,186.0000,20.5000,144.6909,14.4579,0.0395,1.6556,22.5382,23.0442,15.6186,37.4970,16.2386,79.2497,179.0000,1952,17.0098
906,1.0800,reported,259.1485,259.0000,0.1000,202.1972,20.8112,1.1806,4.2653,37.0685,55.3050,32.3369,80.1208,41.7862,79.5311,240.0000,1898,8.1137
907,0.5613,calculated,146.4953,,,86.4899,,,,15.2432,33.8141,12.3268,23.2415,22.9413,36.1055,261.0000,1984,3.6347
908,0.5716,calculated,105.9137,0.0000,0.0000,55.1278,0.0000,0.0000,0.0000,7.7615,17.3202,5.3564,23.8828,15.5966,17.6509,185.3000,1989,2.9595
909,0.4619,calculated,134.4142,0.0000,0.0000,84.6137,0.0000,0.0000,0.0000,15.3659,36.5518,6.6383,28.6144,39.2838,32.7024,291.0000,1994,4.1032
910,0.7900,reported,197.1345,197.0000,14.5000,140.2790,28.0770,0.1690,2.9873,22.9075,36.8853,12.8368,58.9157,21.0490,51.1338,248.0000,1981,3.6324
911,0.6347,calculated,88.2267,,,36.9941,,,,6.8441,7.2702,4.7247,22.6338,21.8896,15.9836,139.0000,1994,3.2160
912,0.5494,calculated,155.6359,,,99.6097,,,,15.9787,19.2857,26.8312,41.5140,21.0611,33.2948,283.3000,1978,5.0752
913,0.2641,calculated,135.8065,,,83.8689,,,,23.3258,35.6842,11.9286,41.4526,66.9705,53.4141,514.3000,1988,4.4962
914,0.8000,reported,165.6900,166.0000,7.2000,120.3514,15.4205,0.0395,4.2562,17.9528,12.8293,12.4631,64.2798,19.5108,32.1526,208.0000,1958,12.9683
915,0.8800,reported,153.7680,154.0000,6.8000,111.5512,13.3799,0.1294,3.0851,18.6725,30.8660,6.9026,54.1808,27.7791,27.3115,174.2000,1960,8.3815
916,0.7750,calculated,121.2148,,,61.9603,,,,8.0341,11.9786,5.5337,21.3196,13.8904,19.6317,156.4000,1978,5.9155
917,1.0673,calculated,357.0166,,,305.4788,,,,35.1141,52.5629,11.4881,63.9968,47.7873,127.9531,334.5000,1955,8.2059
918,1.2437,calculated,250.4767,,,190.6464,,,,23.7188,32.9895,5.8063,12.8720,20.7865,103.0032,201.4000,1913,12.8698
919,0.3400,reported,152.7657,153.0000,1.4000,110.2862,16.1541,0.7028,0.0000,13.5146,38.3016,8.9032,38.8073,37.0872,41.2872,445.1000,2011,3.2051
920,0.5435,calculated,171.4585,,,112.6299,,,,14.8762,33.0296,8.7200,41.3822,24.7331,29.2628,315.5000,1975,3.4215
921,0.3900,reported,73.4254,73.0000,11.6000,18.2863,25.7440,0.4872,3.2853,8.2422,16.6414,8.1556,31.5410,12.6983,5.0780,186.4000,1990,4.1142
922,1.1120,calculated,232.0831,,,170.5920,,,,19.9593,45.0135,12.7044,22.1122,41.9072,49.7169,208.7000,1959,8.3874
923,0.5800,reported,120.0573,120.0000,5.0000,65.9120,23.8146,0.1294,4.5788,11.8950,14.9933,6.8114,16.1095,17.2448,34.4468,208.4000,1999,5.5601
924,1.1430,calculated,269.8620,,,210.0447,,,,24.4343,79.4828,7.2945,31.8782,29.4663,49.8646,236.1000,1935,10.7679
925,0.4200,reported,85.1704,85.0000,3.0000,28.7531,24.6067,0.2696,5.9185,7.1752,7.2305,2.8322,9.2414,11.5042,19.7101,203.0000,2000,4.0488
926,0.6387,calculated,139.1745,,,77.8831,,,,16.4559,23.1482,10.5219,29.8249,29.0397,27.4978,217.9000,1971,4.8909
927,0.4700,reported,68.4563,68.0000,2.3000,18.9587,23.7061,0.1690,0.0000,5.7441,10.6063,5.9253,17.1639,16.1667,5.1452,146.7000,2008,3.4071
928,0.2800,reported,102.2992,102.0000,9.4000,63.6273,12.9703,0.0791,0.0000,11.6575,14.1596,17.1813,15.2619,24.3340,8.8314,360.8000,2017,1.1254
929,0.5276,calculated,294.9005,,,235.2521,,,,29.5224,48.3973,15.4110,69.3159,86.4980,45.8770,558.9000,1997,3.6798
930,1.3471,calculated,313.6036,0.0000,0.0000,262.5938,0.0000,0.0000,0.0000,38.5129,48.5707,31.9902,19.1580,40.3713,122.8853,232.8000,1890,16.1295
931,0.4900,reported,232.5498,233.0000,10.5000,174.7794,25.2473,0.0300,6.8709,23.5297,36.8424,14.8316,69.7588,32.1098,40.5281,478.0000,1989,3.6016
932,0.5800,reported,105.2689,105.0000,0.0000,56.9015,18.6168,0.6667,3.4613,8.9119,10.3884,10.3460,35.4206,31.4513,8.6182,181.4000,2004,1.7906
933,0.5800,reported,114.0783,114.0000,3.4000,66.2996,15.7530,0.6782,5.7249,11.0855,35.7046,4.6489,20.6563,30.3171,12.9197,197.0000,2024,1.8986
934,0.4400,reported,132.0726,132.0000,5.4000,81.8592,20.0786,0.1690,4.3434,13.0375,28.5232,4.5110,37.6794,22.5857,15.6024,300.4000,2003,3.3638
935,0.2386,calculated,194.8575,,,144.0975,,,,37.2817,98.7013,33.2233,73.0875,78.7278,47.0933,816.6000,1900,4.5700
936,0.4100,reported,72.9183,73.0000,5.6000,31.2351,15.4849,0.5757,0.0000,7.0078,16.5665,3.5430,15.4776,16.5445,13.2080,177.8000,2010,2.3981
937,0.5783,calculated,99.0037,,,39.4286,,,,8.0361,12.8918,6.7537,27.9443,12.7963,10.9660,171.2000,1992,1.5341
938,0.4200,reported,90.9285,91.0000,7.0000,48.9077,15.6581,0.7402,0.0000,8.8804,22.6743,4.9249,23.3224,18.7866,15.0913,214.1000,1989,2.5593
939,1.4264,calculated,345.6259,,,286.0148,,,,32.6236,65.9157,5.4487,49.8060,41.0542,96.4760,242.3000,1930,13.5755
940,0.9600,calculated,169.1452,0.0000,0.0000,109.0280,0.0000,0.0000,0.0000,15.6802,33.7419,4.1918,34.1160,27.2143,33.2354,176.2000,1912,7.6283
941,0.9099,calculated,177.3352,,,115.1320,,,,14.4909,28.4443,11.5561,34.1348,24.7200,25.9892,194.9000,1965,5.0328
942,0.4300,reported,110.6507,111.0000,8.8000,59.1160,25.2047,0.7076,0.0000,12.0386,30.1131,7.7084,21.7184,42.3508,13.5568,257.3000,2015,1.9846
943,0.4700,reported,124.5429,125.0000,0.1000,77.1574,15.7475,0.0791,5.9364,14.6901,30.4769,4.2059,27.1681,30.6722,25.9078,263.5000,1974,3.6311
944,0.5500,reported,158.0786,158.0000,0.1000,116.2763,16.0108,0.1690,0.0000,20.9192,28.6739,14.9957,34.0326,57.9707,38.1038,289.9000,1975,6.2298
945,0.5100,reported,188.0918,188.0000,8.1000,140.4781,13.6155,0.2876,8.0882,22.8102,30.1765,7.0655,65.1753,51.9356,27.1091,369.2000,2000,3.0535
946,0.5700,reported,189.4653,189.0000,0.1000,146.8212,15.8110,1.2106,0.0000,23.5744,24.9594,20.1736,71.6116,69.9466,24.1166,333.8000,1963,3.5798
947,0.6000,reported,152.4798,152.0000,6.0000,110.1240,16.5645,0.1690,0.0000,18.8283,17.6320,18.0235,47.0197,25.9623,35.2556,252.2000,1988,5.5955
948,0.3421,calculated,205.5072,,,146.5186,,,,23.6814,54.5244,13.8979,36.0846,53.7000,37.4123,600.8000,1998,1.7252
949,0.7300,reported,133.6358,134.0000,5.8000,78.0606,24.6392,0.1294,5.1842,10.0454,12.4848,3.5592,35.1773,11.7203,20.2291,184.0000,1975,13.0225
950,0.3900,reported,66.5512,67.0000,13.3000,18.3983,16.6554,0.7377,5.1372,7.7291,8.7696,4.1543,38.5032,20.3093,5.9224,171.8000,1984,2.4923
951,1.1833,calculated,253.8150,,,194.5296,,,,23.2199,47.7138,19.4147,39.1754,29.6875,46.3050,214.5000,1920,7.0500
952,1.8259,calculated,222.2072,,,162.4121,,,,22.2648,19.2364,7.4298,36.3270,18.0033,71.3667,121.7000,1940,27.6606
953,0.9225,calculated,158.0260,0.0000,0.0000,105.5478,0.0000,0.0000,0.0000,17.6976,31.1447,9.9923,24.8697,36.7779,43.8090,171.3000,1959,8.8884
954,0.6647,calculated,170.6242,,,111.0611,,,,12.8885,17.6224,11.3135,33.0797,30.6606,24.6802,256.7000,1982,7.0825
955,0.4300,reported,146.5702,147.0000,1.4000,104.1838,16.7638,0.0000,0.0000,21.2130,36.5000,5.2513,32.1910,37.7647,38.8485,342.8000,1880,5.7629
956,1.0237,calculated,324.7212,,,263.3084,,,,31.2514,66.4693,13.7041,30.5423,55.7273,115.1205,317.2000,1850,10.3033
957,0.4171,calculated,220.1898,,,161.1817,,,,26.2800,47.4272,9.8381,48.4859,59.9001,48.3047,527.9000,1990,2.6887
958,0.7789,calculated,141.6865,,,82.5538,,,,10.0704,15.4336,4.6897,21.2474,24.3683,25.2491,181.9000,1973,13.5587
959,1.4214,calculated,203.6896,,,151.9385,,,,16.4843,37.9699,9.2395,44.3649,23.9756,25.1053,143.3000,1915,5.0935
960,0.5100,reported,137.1049,137.0000,5.8000,85.4850,20.4161,0.1690,5.4124,16.1951,34.6948,13.1306,25.8855,26.8846,23.1058,266.6000,1999,4.7545
961,0.5400,reported,96.7581,97.0000,0.0000,53.8046,16.0850,1.2458,0.0000,8.7554,16.3727,9.9470,32.4480,14.1542,13.5848,178.8000,1979,3.3979
962,0.5500,reported,191.6836,192.0000,8.7000,134.2851,24.0041,1.6966,6.0755,16.7660,34.2578,8.0531,23.0252,33.1547,70.9270,345.4000,1995,5.4542
963,0.8800,reported,147.4807,147.0000,6.2000,92.1450,23.6886,0.1690,5.8559,15.6092,27.3952,2.7867,36.5608,22.6729,32.0684,166.8000,1990,7.0644
964,0.6536,calculated,123.8591,,,64.8040,,,,7.6034,24.4266,3.0896,12.2969,17.6159,16.1365,189.5000,1989,7.1362
965,1.6100,reported,130.1452,130.0000,0.1000,87.4278,16.0437,1.0512,0.0000,19.5736,9.9237,31.6930,15.3748,45.9055,31.0854,81.0000,1964,5.5551
966,0.6400,reported,109.1417,109.0000,4.3000,54.0001,24.7880,0.2696,4.4615,11.4759,13.5046,6.7629,30.6575,21.4108,21.7692,171.8000,1958,6.5458
967,0.4600,reported,110.6994,111.0000,10.6000,68.7949,16.2424,0.0395,0.0000,12.2594,21.9189,12.2350,16.8352,27.1803,25.2525,241.8000,1949,5.4107
968,0.6831,calculated,188.8797,,,128.8392,,,,17.9499,37.0969,5.7435,24.5105,30.9945,37.3362,276.5000,1988,3.2277
969,0.3200,reported,57.7379,58.0000,11.9000,15.1967,13.7173,0.7943,2.4070,7.6007,21.3550,3.0856,17.9509,20.8949,18.3406,182.3000,2019,3.5700
970,0.5511,calculated,119.8056,0.0000,0.0000,68.3535,0.0000,0.0000,0.0000,11.5142,15.2099,8.5302,34.2520,39.3096,18.6480,217.4000,1972,3.0635
971,0.5000,reported,160.9417,161.0000,0.5000,118.9911,15.7109,0.6171,0.0000,22.4516,35.9268,12.5909,21.7238,73.0891,38.8150,323.0000,1964,4.6693
972,1.3056,calculated,281.2368,,,229.3985,,,,12.8688,22.2421,20.1345,58.3677,23.8824,28.6742,215.4000,1989,4.8082
973,0.5000,reported,82.7203,83.0000,3.0000,35.7530,15.8739,0.2696,5.2012,8.8342,9.1775,7.8952,17.2428,16.1917,12.9578,164.0000,1973,6.4560
974,1.1615,calculated,192.9258,,,131.6648,,,,15.8338,23.5138,6.4897,51.5814,33.8018,25.2610,166.1000,1956,5.6859
975,0.6500,reported,172.5574,173.0000,8.3000,118.3763,24.5948,0.0300,3.9340,14.4408,40.5145,8.3414,20.3204,16.4815,25.2550,266.3300,1978,6.7262
976,1.3355,calculated,204.0609,,,144.4412,,,,15.8058,27.7973,11.3325,57.1216,19.8060,20.3334,152.8000,1960,5.5897
977,0.9600,reported,276.4079,276.0000,0.1000,202.0088,28.3579,0.0000,0.0000,42.9655,14.3139,54.9239,18.2669,55.2485,120.9043,287.3000,1940,14.7000
978,0.2800,reported,81.5108,82.0000,7.1000,36.0131,15.5097,0.6260,3.7393,11.2939,18.2947,9.6933,35.9153,25.9699,20.5791,296.3000,1986,2.0965
979,0.8838,calculated,131.0619,,,72.3555,,,,10.1948,11.8306,7.7975,5.9818,25.4036,33.5220,148.3000,1970,8.7301
980,0.5285,calculated,185.4868,,,126.3979,,,,19.5468,37.7483,9.7965,44.8492,40.2426,37.8248,351.0000,2000,3.5035
981,0.8665,calculated,157.3559,,,98.1919,,,,10.4909,31.7832,4.8077,28.0741,22.5303,17.7684,181.6000,1959,5.8229
982,0.8000,reported,162.8005,163.0000,6.9000,107.4780,24.5529,0.1594,4.9878,17.4857,24.4367,8.7526,49.8924,30.1969,7.2452,204.7000,1963,3.4109
983,0.8650,calculated,237.9497,,,176.2052,,,,21.3323,26.9362,9.7376,63.3434,40.7546,44.3634,275.1000,1977,4.8442
984,0.7591,calculated,235.2353,,,174.2126,,,,23.6088,32.9799,25.5359,45.3195,34.2902,36.1230,309.9000,1978,5.2874
985,0.4802,calculated,200.8490,,,141.6157,,,,14.8159,37.8594,5.4714,26.7924,37.6847,37.4529,418.3000,1994,4.3169
986,0.6200,reported,106.1649,106.0000,0.0000,59.7146,15.8934,0.1294,4.8049,12.2241,21.5175,2.9088,21.6901,29.8096,22.7547,171.5000,2006,5.4405
987,0.4600,reported,91.9399,92.0000,0.0000,45.7567,17.2555,0.1294,3.1757,10.1015,17.1590,7.9257,23.8302,27.6559,12.0467,199.9000,1972,3.7303
988,0.6800,reported,240.0047,240.0000,11.0000,193.6462,16.6992,0.2696,3.7675,28.3113,89.0071,11.8002,20.8837,21.7123,78.4476,351.7000,1892,6.7684
989,1.0586,calculated,158.6820,,,98.9314,,,,13.2226,14.3557,5.3155,57.6073,16.8524,21.8487,149.9000,1972,7.5210
990,0.5200,reported,119.1610,119.0000,0.1000,66.3428,15.6300,0.1690,11.3966,16.4179,22.7818,8.1972,19.6235,49.5383,23.5185,229.1000,1986,1.7181
991,0.7800,reported,69.0901,69.0000,5.3000,25.0750,15.3610,0.0395,2.9919,9.3788,10.5566,7.5462,51.4304,17.5685,7.0927,88.5000,2011,2.0976
992,0.3835,calculated,122.8416,,,72.8500,,,,12.7852,21.8086,7.4769,9.6982,30.4394,29.8478,320.3000,2007,2.7000
993,0.5200,reported,155.7658,156.0000,6.5000,98.4763,24.0396,0.1690,7.4586,17.4742,23.0917,7.4350,37.4837,26.6926,39.1735,297.9000,2001,5.7330
994,0.2800,reported,85.4283,85.0000,6.5000,38.2346,15.9335,0.7051,4.9325,10.6201,20.7543,7.3891,37.7040,29.6821,13.7535,303.6000,2011,1.8691
995,0.3900,reported,53.7214,54.0000,1.5000,16.5828,10.7039,0.8121,0.0000,4.6380,10.4579,4.0084,10.7820,10.7444,6.5922,136.1000,2022,3.0000
996,0.5479,calculated,109.5732,,,58.1046,,,,9.7865,16.2488,7.4310,30.3403,22.9259,22.5585,200.0000,1990,4.0878
997,0.6258,calculated,173.4710,0.0000,0.0000,115.0099,0.0000,0.0000,0.0000,17.7139,35.3185,4.7849,22.0090,33.2972,58.8994,277.2000,1993,7.1205
998,1.2153,calculated,175.3692,,,115.3423,,,,14.4969,35.0284,3.3220,25.3509,20.1765,32.8665,144.3000,1922,8.6281
999,0.5600,reported,78.9546,79.0000,1.7000,28.5035,16.1113,0.1690,8.5483,8.2794,14.9358,2.9801,8.6167,15.7061,10.2501,141.8000,2014,3.3576
